Point ID,Density,Eddy_Viscosity,Energy,Heat_Flux,Laminar_Viscosity,Mach,Momentum_0,Momentum_1,Momentum_2,Momentum_Magnitude,Nu_Tilde,Points_0,Points_1,Points_2,Points_Magnitude,Pressure,Pressure_Coefficient,Skin_Friction_Coefficient_0,Skin_Friction_Coefficient_1,Skin_Friction_Coefficient_2,Skin_Friction_Coefficient_Magnitude,Temperature,Velocity_0,Velocity_1,Velocity_2,Velocity_Magnitude,Y_Plus
0,0.80186,0,2.31888,-0,6.07845e-08,0,0,0,0,0,0,0.963043,1.07667,0.0158912,1.44462,0.92755,-0.183084,-0.000244536,0.000356211,2.88038e-05,0.000433029,1.13508,0,0,0,0,5.36835
1,0.810226,0,2.34322,-0,6.07875e-08,0,0,0,0,0,0,0.977844,1.07667,0.0145919,1.45451,0.937289,-0.163606,-0.000215439,0.00038158,2.8171e-05,0.000439103,1.13515,0,0,0,0,5.42362
2,0.8178,0,2.36524,-0,6.07896e-08,0,0,0,0,0,0,0.991997,1.07667,0.0132988,1.46405,0.946095,-0.145995,-0.000189875,0.000406535,2.76762e-05,0.000449544,1.1352,0,0,0,0,5.5023
3,0.824664,0,2.38515,-0,6.07907e-08,0,0,0,0,0,0,1.00545,1.07667,0.0120195,1.47319,0.954059,-0.130067,-0.000167491,0.000431122,2.74252e-05,0.000463327,1.13523,0,0,0,0,5.59252
4,0.830783,0,2.40285,-0,6.07908e-08,0,0,0,0,0,0,1.01817,1.07667,0.0107583,1.48189,0.96114,-0.115905,-0.000148199,0.000455064,2.74753e-05,0.000479376,1.13523,0,0,0,0,5.69362
5,0.835415,0,2.41621,-0,6.07901e-08,0,0,0,0,0,0,1.02812,1.07667,0.00972689,1.48874,0.966484,-0.105217,-0.000134525,0.000474011,2.77456e-05,0.000493511,1.13522,0,0,0,0,5.77788
6,0.822192,0,2.36413,-0,6.05235e-08,0,0,0,0,0,0,0.73411,1.07667,-0.0223851,1.30332,0.945651,-0.146883,0.00142116,8.02104e-05,-5.87028e-05,0.00142463,1.12861,0,0,0,0,9.76834
7,0.835307,0,2.40269,-0,6.05397e-08,0,0,0,0,0,0,0.720065,1.07667,-0.0217104,1.29545,0.961077,-0.11603,0.00141611,7.73796e-05,-7.16341e-05,0.00142003,1.12901,0,0,0,0,9.79188
8,0.849235,0,2.44363,-0,6.05561e-08,0,0,0,0,0,0,0.706807,1.07667,-0.020944,1.28811,0.977452,-0.0832814,0.00141303,7.49731e-05,-8.56082e-05,0.00141761,1.12941,0,0,0,0,9.81467
9,0.864019,0,2.48707,-0,6.05725e-08,0,0,0,0,0,0,0.6944,1.07667,-0.0200935,1.28133,0.994827,-0.0485312,0.00140992,7.38407e-05,-0.000101024,0.00141547,1.12982,0,0,0,0,9.84395
10,0.879783,0,2.53338,-0,6.05894e-08,0,0,0,0,0,0,0.682895,1.07667,-0.0191662,1.27512,1.01335,-0.01148,0.0014067,7.50925e-05,-0.000118114,0.00141365,1.13024,0,0,0,0,9.86599
11,0.896579,0,2.58275,-0,6.06072e-08,0,0,0,0,0,0,0.672334,1.07667,-0.0181721,1.26948,1.0331,0.0280172,0.00140127,7.97027e-05,-0.00013661,0.00141017,1.13068,0,0,0,0,9.88436
12,0.914203,0,2.63458,-0,6.06256e-08,0,0,0,0,0,0,0.662743,1.07667,-0.017126,1.26441,1.05383,0.0694804,0.00139509,8.84774e-05,-0.000156208,0.0014066,1.13114,0,0,0,0,9.89098
13,0.932505,0,2.68843,-0,6.06445e-08,0,0,0,0,0,0,0.654133,1.07667,-0.0160484,1.25991,1.07537,0.112563,0.00138508,0.000101333,-0.00017596,0.00139989,1.1316,0,0,0,0,9.88102
14,0.948503,0,2.73547,-0,6.06598e-08,0,0,0,0,0,0,0.6465,1.07667,-0.0149633,1.25595,1.09419,0.150193,0.00138231,0.000114011,-0.000197333,0.00140097,1.13198,0,0,0,0,9.88441
15,0.957176,0,2.76102,-0,6.06686e-08,0,0,0,0,0,0,0.639819,1.07667,-0.0138951,1.25251,1.10441,0.17063,0.00142397,0.000117715,-0.000242473,0.00144925,1.1322,0,0,0,0,9.98406
16,0.970766,0,2.80206,-0,6.06986e-08,0,0,0,0,0,0,0.634073,1.07667,-0.0127353,1.24957,1.12082,0.203463,0.0014562,0.000123847,-0.000346785,0.00150204,1.13295,0,0,0,0,10.0619
17,1.01474,0,2.93154,-0,6.07384e-08,0,0,0,0,0,0,0.629283,1.07667,-0.0112522,1.24713,1.17262,0.30705,0.00143477,0.000193826,-0.000518801,0.00153795,1.13393,0,0,0,0,10.2647
18,1.03932,0,3.0037,-0,6.07552e-08,0,0,0,0,0,0,0.628031,1.07667,-0.0106298,1.2465,1.20148,0.364775,0.00137664,0.000252906,-0.00055843,0.00150697,1.13435,0,0,0,0,10.2764
19,0.418509,0,1.19197,-0,6.00816e-08,0,0,0,0,0,0,0.628031,1.07667,0.0106298,1.2465,0.47679,-1.08461,0.00275868,-0.000668484,0.00144432,0.00318484,1.1177,0,0,0,0,9.56472
20,0.378857,0,1.07777,-0,6.00372e-08,0,0,0,0,0,0,0.629283,1.07667,0.0112522,1.24713,0.43111,-1.17597,0.0028576,-0.000747185,0.00129412,0.00322474,1.1166,0,0,0,0,9.18811
21,0.307231,0,0.871988,-0,5.9932e-08,0,0,0,0,0,0,0.634073,1.07667,0.0127353,1.24957,0.348795,-1.34059,0.00279106,-0.000784531,0.000817621,0.00301231,1.11402,0,0,0,0,8.11865
22,0.283809,0,0.803319,-0,5.98087e-08,0,0,0,0,0,0,0.639819,1.07667,0.0138951,1.25251,0.321327,-1.39553,0.00270525,-0.000731915,0.000565043,0.00285891,1.11099,0,0,0,0,7.74557
23,0.290291,0,0.819566,-0,5.96929e-08,0,0,0,0,0,0,0.6465,1.07667,0.0149633,1.25595,0.327826,-1.38253,0.00270045,-0.000668813,0.000468456,0.0028212,1.10814,0,0,0,0,7.88551
24,0.304005,0,0.858546,-0,5.97067e-08,0,0,0,0,0,0,0.654133,1.07667,0.0160484,1.25991,0.343419,-1.35135,0.00259374,-0.000587772,0.000394376,0.00268858,1.10848,0,0,0,0,7.94147
25,0.314722,0,0.889662,-0,5.97499e-08,0,0,0,0,0,0,0.662743,1.07667,0.017126,1.26441,0.355865,-1.32646,0.00250049,-0.000528131,0.000331042,0.002577,1.10954,0,0,0,0,7.96793
26,0.322144,0,0.91149,-0,5.97921e-08,0,0,0,0,0,0,0.672334,1.07667,0.0181721,1.26948,0.364596,-1.30899,0.00242174,-0.000482395,0.000276983,0.00248481,1.11058,0,0,0,0,7.97213
27,0.329815,0,0.935961,-0,5.99262e-08,0,0,0,0,0,0,0.682895,1.07667,0.0191662,1.27512,0.374384,-1.28942,0.00218713,-0.000411004,0.000214405,0.00223572,1.11387,0,0,0,0,7.68002
28,0.344552,0,0.982842,-0,6.01591e-08,0,0,0,0,0,0,0.6944,1.07667,0.0200935,1.28133,0.393137,-1.25191,0.00168118,-0.000293878,0.00014013,0.00171241,1.11961,0,0,0,0,6.86757
29,0.392471,0,1.12564,-0,6.04006e-08,0,0,0,0,0,0,0.706807,1.07667,0.020944,1.28811,0.450256,-1.13767,0.00094122,-0.000144579,6.58808e-05,0.000954535,1.12557,0,0,0,0,5.36405
30,0.816269,0,2.34715,-0,6.05246e-08,0,0,0,0,0,0,0.931754,1.07667,-0.0184465,1.42398,0.938859,-0.160466,0.00113781,0.00012746,8.4798e-05,0.00114807,1.12864,0,0,0,0,8.87405
31,0.807383,0,2.32105,-0,6.05138e-08,0,0,0,0,0,0,0.915415,1.07667,-0.0196526,1.41336,0.92842,-0.181345,0.00117008,0.000122485,8.02429e-05,0.0011792,1.12837,0,0,0,0,8.94759
32,0.798093,0,2.2938,-0,6.0503e-08,0,0,0,0,0,0,0.898722,1.07667,-0.020767,1.40262,0.917519,-0.203146,0.00120738,0.000116205,7.38884e-05,0.00121521,1.1281,0,0,0,0,9.03557
33,0.789165,0,2.26769,-0,6.04941e-08,0,0,0,0,0,0,0.881769,1.07667,-0.0217531,1.39184,0.907077,-0.22403,0.00124625,0.000108886,6.52307e-05,0.0012527,1.12788,0,0,0,0,9.12283
34,0.781668,0,2.24582,-0,6.04873e-08,0,0,0,0,0,0,0.864651,1.07667,-0.022577,1.38107,0.898326,-0.241532,0.00128427,0.000101389,5.418e-05,0.00128941,1.12771,0,0,0,0,9.20756
35,0.776626,0,2.23109,-0,6.04824e-08,0,0,0,0,0,0,0.84747,1.07667,-0.0232123,1.37039,0.892435,-0.253314,0.0013207,9.48087e-05,4.10629e-05,0.00132474,1.12759,0,0,0,0,9.29862
36,0.774812,0,2.22575,-0,6.04797e-08,0,0,0,0,0,0,0.830329,1.07667,-0.0236431,1.35986,0.890298,-0.257588,0.00135423,8.98938e-05,2.64469e-05,0.00135747,1.12752,0,0,0,0,9.38978
37,0.776485,0,2.23054,-0,6.04794e-08,0,0,0,0,0,0,0.813335,1.07667,-0.023866,1.34956,0.892215,-0.253754,0.0013824,8.68211e-05,1.10622e-05,0.00138517,1.12752,0,0,0,0,9.4826
38,0.78142,0,2.24484,-0,6.04819e-08,0,0,0,0,0,0,0.796591,1.07667,-0.0238896,1.33953,0.897937,-0.242311,0.0014041,8.52887e-05,-4.3179e-06,0.00140669,1.12758,0,0,0,0,9.56867
39,0.789056,0,2.26706,-0,6.04877e-08,0,0,0,0,0,0,0.7802,1.07667,-0.0237312,1.32985,0.906825,-0.224534,0.00141829,8.45874e-05,-1.91014e-05,0.00142094,1.12772,0,0,0,0,9.64256
40,0.798758,0,2.2954,-0,6.04969e-08,0,0,0,0,0,0,0.764261,1.07667,-0.023413,1.32055,0.918161,-0.201862,0.00142449,8.38871e-05,-3.29744e-05,0.00142734,1.12795,0,0,0,0,9.69896
41,0.809943,0,2.32816,-0,6.05088e-08,0,0,0,0,0,0,0.748869,1.07667,-0.0229577,1.3117,0.931263,-0.175659,0.00142547,8.25722e-05,-4.60527e-05,0.0014286,1.12824,0,0,0,0,9.74275
42,0.836323,0,2.41883,-0,6.07899e-08,0,0,0,0,0,0,1.03013,1.07667,0.00951812,1.49013,0.96753,-0.103124,-0.000131412,0.000477939,2.77677e-05,0.000496453,1.13521,0,0,0,0,5.79481
43,0.840997,0,2.43224,-0,6.0788e-08,0,0,0,0,0,0,1.04131,1.07667,0.00830308,1.49787,0.972897,-0.0923902,-0.000116353,0.000500066,2.81945e-05,0.000514197,1.13516,0,0,0,0,5.89005
44,0.845415,0,2.44487,-0,6.07853e-08,0,0,0,0,0,0,1.05173,1.07667,0.00711873,1.50513,0.977949,-0.0822869,-0.000103712,0.000519404,2.87132e-05,0.000530435,1.1351,0,0,0,0,5.97421
45,0.848921,0,2.45481,-0,6.07815e-08,0,0,0,0,0,0,1.0614,1.07667,0.00597182,1.5119,0.981923,-0.0743388,-9.41094e-05,0.000536352,2.93474e-05,0.000545336,1.135,0,0,0,0,6.05169
46,0.852882,0,2.46603,-0,6.07771e-08,0,0,0,0,0,0,1.07037,1.07667,0.00486925,1.5182,0.98641,-0.065364,-8.44712e-05,0.000547466,2.95478e-05,0.000554732,1.13489,0,0,0,0,6.09913
47,0.855288,0,2.47265,-0,6.07709e-08,0,0,0,0,0,0,1.0787,1.07667,0.00381622,1.52408,0.989059,-0.0600674,-7.61553e-05,0.000555364,2.95073e-05,0.000561338,1.13474,0,0,0,0,6.12929
48,0.859974,0,2.48575,-0,6.07626e-08,0,0,0,0,0,0,1.08648,1.07667,0.00281508,1.52959,0.994299,-0.0495867,-5.78876e-05,0.000548439,2.74056e-05,0.000552167,1.13453,0,0,0,0,6.09017
49,0.861203,0,2.48834,-0,6.0745e-08,0,0,0,0,0,0,1.09379,1.07667,0.00185834,1.5348,0.995334,-0.0475158,-2.43988e-05,0.000528368,2.27115e-05,0.000529419,1.1341,0,0,0,0,5.96717
50,0.871061,0,2.51475,-0,6.07073e-08,0,0,0,0,0,0,1.10079,1.07667,0.000927906,1.53979,1.0059,-0.0263864,9.20453e-05,0.000458114,4.87146e-06,0.000467295,1.13316,0,0,0,0,5.65276
51,0.881056,0,2.53958,-0,6.06351e-08,0,0,0,0,0,0,1.10761,1.07667,0,1.54467,1.01583,-0.00651891,1.24755e-05,4.45555e-05,-0.000545568,0.000547527,1.13137,0,0,0,0,6.13006
52,0.883451,0,2.54416,-0,6.05933e-08,0,0,0,0,0,0,1.09379,1.07667,-0.00185834,1.5348,1.01766,-0.00285894,0.000946808,0.000203309,0.000117336,0.000975473,1.13034,0,0,0,0,8.22432
53,0.879076,0,2.53172,-0,6.05962e-08,0,0,0,0,0,0,1.08648,1.07667,-0.00281508,1.52959,1.01269,-0.0128093,0.000937475,0.000188311,0.000114781,0.000963066,1.13041,0,0,0,0,8.15435
54,0.874385,0,2.51804,-0,6.05932e-08,0,0,0,0,0,0,1.0787,1.07667,-0.00381622,1.52408,1.00722,-0.0237514,0.000949093,0.000178552,0.000114704,0.00097253,1.13033,0,0,0,0,8.18132
55,0.869569,0,2.50393,-0,6.05888e-08,0,0,0,0,0,0,1.07037,1.07667,-0.00486925,1.5182,1.00157,-0.0350378,0.000966824,0.000170261,0.000114545,0.000988361,1.13023,0,0,0,0,8.246
56,0.864822,0,2.48999,-0,6.05838e-08,0,0,0,0,0,0,1.0614,1.07667,-0.00597182,1.5119,0.995995,-0.046195,0.000986071,0.000162488,0.000113529,0.0010058,1.1301,0,0,0,0,8.32236
57,0.860253,0,2.47655,-0,6.05786e-08,0,0,0,0,0,0,1.05173,1.07667,-0.00711873,1.50513,0.990622,-0.0569414,0.00100508,0.000155475,0.000111642,0.00102314,1.12997,0,0,0,0,8.39823
58,0.856186,0,2.46458,-0,6.05738e-08,0,0,0,0,0,0,1.04131,1.07667,-0.00830308,1.49787,0.985833,-0.0665181,0.00102143,0.000149306,0.000108902,0.00103801,1.12985,0,0,0,0,8.4737
59,0.852421,0,2.4535,-0,6.05692e-08,0,0,0,0,0,0,1.03013,1.07667,-0.00951812,1.49013,0.981399,-0.0753861,0.00103525,0.000144317,0.000105668,0.00105058,1.12974,0,0,0,0,8.54152
60,0.851853,0,2.45182,-0,6.05684e-08,0,0,0,0,0,0,1.02812,1.07667,-0.00972689,1.48874,0.980729,-0.0767259,0.00103719,0.000143689,0.000105096,0.00105236,1.12972,0,0,0,0,8.55053
61,0.493105,0,1.4204,-0,6.05924e-08,0,0,0,0,0,0,0.720065,1.07667,0.0217104,1.29545,0.568161,-0.901862,0.000216168,-2.3033e-05,1.23371e-05,0.000217741,1.13031,0,0,0,0,2.62906
62,0.587069,0,1.69484,-0,6.06987e-08,0,0,0,0,0,0,0.73411,1.07667,0.0223851,1.30332,0.677937,-0.68231,-0.000159609,2.23287e-05,-7.70249e-06,0.000161347,1.13295,0,0,0,0,3.71902
63,0.642496,0,1.85633,-0,6.07422e-08,0,0,0,0,0,0,0.748869,1.07667,0.0229577,1.3117,0.742532,-0.553121,-0.000352937,4.49454e-05,-1.3416e-05,0.00035604,1.13403,0,0,0,0,4.29757
64,0.664611,0,1.91995,-0,6.07364e-08,0,0,0,0,0,0,0.764261,1.07667,0.023413,1.32055,0.767979,-0.502226,-0.000449725,5.45268e-05,-1.25304e-05,0.000453192,1.13388,0,0,0,0,4.96181
65,0.670742,0,1.937,-0,6.07209e-08,0,0,0,0,0,0,0.7802,1.07667,0.0237312,1.32985,0.774801,-0.488582,-0.00052627,7.35869e-05,-9.3314e-06,0.000531472,1.1335,0,0,0,0,5.40785
66,0.67558,0,1.95057,-0,6.07115e-08,0,0,0,0,0,0,0.796591,1.07667,0.0238896,1.33953,0.780229,-0.477726,-0.0005743,9.56827e-05,-3.89808e-06,0.00058223,1.13327,0,0,0,0,5.69557
67,0.683299,0,1.97287,-0,6.07117e-08,0,0,0,0,0,0,0.813335,1.07667,0.023866,1.34956,0.789147,-0.459891,-0.00060102,0.000121769,3.04405e-06,0.000613239,1.13327,0,0,0,0,5.89551
68,0.696886,0,2.01241,-0,6.07187e-08,0,0,0,0,0,0,0.830329,1.07667,0.0236431,1.35986,0.804964,-0.428257,-0.000603701,0.000149096,1.07099e-05,0.000621932,1.13345,0,0,0,0,6.0089
69,0.713066,0,2.05962,-0,6.07295e-08,0,0,0,0,0,0,0.84747,1.07667,0.0232123,1.37039,0.823848,-0.390488,-0.000575793,0.000176732,1.78062e-05,0.000602568,1.13371,0,0,0,0,5.99408
70,0.729341,0,2.10715,-0,6.07408e-08,0,0,0,0,0,0,0.864651,1.07667,0.022577,1.38107,0.842859,-0.352467,-0.000526683,0.000202828,2.33242e-05,0.00056487,1.13399,0,0,0,0,5.87389
71,0.744307,0,2.15088,-0,6.07513e-08,0,0,0,0,0,0,0.881769,1.07667,0.0217531,1.39184,0.860354,-0.317478,-0.00047021,0.000227797,2.70274e-05,0.000523182,1.13425,0,0,0,0,5.71381
72,0.848885,0,2.4431,-0,6.0565e-08,0,0,0,0,0,0,1.01817,1.07667,-0.0107583,1.48189,0.977239,-0.0837057,0.00104678,0.000140764,0.000102264,0.00106114,1.12964,0,0,0,0,8.59421
73,0.845253,0,2.43241,-0,6.05607e-08,0,0,0,0,0,0,1.00545,1.07667,-0.0120195,1.47319,0.972966,-0.0922536,0.00105687,0.000138401,9.89937e-05,0.00107048,1.12953,0,0,0,0,8.6373
74,0.841355,0,2.42094,-0,6.05558e-08,0,0,0,0,0,0,0.991997,1.07667,-0.0132988,1.46405,0.968375,-0.101435,0.0010664,0.000136698,9.60003e-05,0.0010794,1.12941,0,0,0,0,8.67856
75,0.836698,0,2.40723,-0,6.055e-08,0,0,0,0,0,0,0.977844,1.07667,-0.0145919,1.45451,0.962892,-0.1124,0.00107793,0.000135333,9.33644e-05,0.0010904,1.12926,0,0,0,0,8.7147
76,0.831072,0,2.39068,-0,6.05429e-08,0,0,0,0,0,0,0.963043,1.07667,-0.0158912,1.44462,0.95627,-0.125645,0.0010927,0.000133651,9.08665e-05,0.00110459,1.12909,0,0,0,0,8.75679
77,0.824233,0,2.37056,-0,6.05344e-08,0,0,0,0,0,0,0.947657,1.07667,-0.0171831,1.43442,0.948223,-0.141738,0.00111212,0.000131137,8.81543e-05,0.00112329,1.12888,0,0,0,0,8.81055
78,0.887044,0,2.55473,-0,6.05973e-08,0,0,0,0,0,0,1.10079,1.07667,-0.000927906,1.53979,1.02189,0.00559756,0.00104896,0.000249764,0.000131731,0.0010863,1.13044,0,0,0,0,8.71264
79,1.08935,0,3.15061,-0,6.07897e-08,0,0,0,0,0,0,0.625478,1.07667,-0.00936032,1.2452,1.26024,0.482303,0.00125812,0.00037355,-0.000639409,0.00145988,1.13521,0,0,0,0,10.2999
80,1.16583,0,3.37631,-0,6.08505e-08,0,0,0,0,0,0,0.622634,1.07667,-0.00717005,1.24376,1.35052,0.662865,0.000917568,0.000603464,-0.00053484,0.00122154,1.13672,0,0,0,0,9.72082
81,1.21509,0,3.52185,-0,6.08882e-08,0,0,0,0,0,0,0.620663,1.07667,-0.00483519,1.24276,1.40874,0.779294,0.000569796,0.0007908,-0.000171804,0.000989722,1.13765,0,0,0,0,8.94824
82,1.20533,0,3.4938,-0,6.08912e-08,0,0,0,0,0,0,0.619484,1.07667,-0.0024355,1.24217,1.39752,0.756854,0.000399614,0.000938661,0.000430331,0.00110723,1.13773,0,0,0,0,9.27297
83,1.11759,0,3.23684,-0,6.0854e-08,0,0,0,0,0,0,0.619085,1.07667,0,1.24197,1.29474,0.551289,0.000793739,0.00138041,0.00183076,0.00242637,1.1368,0,0,0,0,5.53405
84,0.986725,0,2.85058,-0,6.0738e-08,0,0,0,0,0,0,0.619484,1.07667,0.0024355,1.24217,1.14023,0.24228,0.000918375,0.000626033,0.0017118,0.00204098,1.13392,0,0,0,0,11.4198
85,0.821819,0,2.36453,-0,6.05521e-08,0,0,0,0,0,0,0.620663,1.07667,0.00483519,1.24276,0.945813,-0.146558,0.0014005,0.000234778,0.00190175,0.00237343,1.12932,0,0,0,0,11.4608
86,0.652424,0,1.86906,-0,6.03553e-08,0,0,0,0,0,0,0.622634,1.07667,0.00717005,1.24376,0.747624,-0.542937,0.00199396,-0.000146053,0.00195323,0.00279505,1.12445,0,0,0,0,11.0917
87,0.49941,0,1.42498,-0,6.01731e-08,0,0,0,0,0,0,0.625478,1.07667,0.00936032,1.2452,0.569994,-0.898197,0.00255625,-0.00050743,0.00175044,0.00313942,1.11995,0,0,0,0,10.3317
88,0.758376,0,2.19199,-0,6.07609e-08,0,0,0,0,0,0,0.898722,1.07667,0.020767,1.40262,0.876798,-0.284589,-0.00041412,0.000252711,2.90924e-05,0.000486009,1.13449,0,0,0,0,5.55817
89,0.771129,0,2.22925,-0,6.07689e-08,0,0,0,0,0,0,0.915415,1.07667,0.0196526,1.41336,0.891699,-0.254786,-0.000362334,0.000278269,2.98937e-05,0.000457835,1.13469,0,0,0,0,5.43554
90,0.782502,0,2.26244,-0,6.07754e-08,0,0,0,0,0,0,0.931754,1.07667,0.0184465,1.42398,0.904978,-0.228229,-0.000316736,0.000304216,2.98696e-05,0.000440184,1.13485,0,0,0,0,5.36547
91,0.792661,0,2.29207,-0,6.07805e-08,0,0,0,0,0,0,0.947657,1.07667,0.0171831,1.43442,0.916828,-0.204528,-0.000277827,0.00033032,2.94219e-05,0.000432626,1.13498,0,0,0,0,5.34613
