"Time_Iter","Outer_Iter","Inner_Iter",    "rms[Rho]"    ,    "rms[RhoU]"   ,    "rms[RhoV]"   ,    "rms[RhoW]"   ,    "rms[RhoE]"   
          0,           0,           0,      -2.831253576,      -12.13982363,      -12.13104277,      -12.13828666,       2.332281853
          0,           0,           1,      -2.769469523,     -0.3579539238,     -0.4180408102,     -0.4342470853,       2.612022416
          0,           0,           2,      -2.692306876,     -0.2168852948,     -0.2607336913,     -0.2794438491,       2.747754279
          0,           0,           3,      -2.688857188,     -0.1806908539,     -0.2371393009,      -0.247056569,       2.761519023
          0,           0,           4,      -2.760373411,     -0.1980536581,     -0.2900287976,     -0.3023449849,       2.691261596
          0,           0,           5,      -2.862583361,      -0.232981824,     -0.3677538685,     -0.3722793315,       2.594488557
          0,           0,           6,      -2.939264586,     -0.2779072494,     -0.4290081592,     -0.4311471996,       2.516030974
          0,           0,           7,      -2.994049351,     -0.3293211592,     -0.4787683501,     -0.4809655863,       2.458042019
          0,           0,           8,      -3.045843466,     -0.3826144066,     -0.5263795606,     -0.5254380206,       2.403305924
          0,           0,           9,      -3.103804571,     -0.4335609025,     -0.5720725329,     -0.5677788829,       2.340398849
          0,           0,          10,       -3.17410766,     -0.4803591878,     -0.6162848577,     -0.6100346115,       2.260298032
          0,           0,          11,      -3.246485412,     -0.5232847237,     -0.6555797384,     -0.6472851101,        2.17012387
          0,           0,          12,      -3.281814333,     -0.5627895842,      -0.680360945,     -0.6686859459,       2.115982755
          0,           0,          13,      -3.247454607,     -0.5984792425,     -0.6817300825,     -0.6669969449,        2.15568223
          0,           0,          14,      -3.181252429,     -0.6296718975,     -0.6658182771,     -0.6500319019,       2.241162906
          0,           0,          15,      -3.126613103,      -0.656361412,     -0.6478762381,       -0.63240055,       2.312081139
          0,           0,          16,      -3.099430028,     -0.6803631174,     -0.6405044528,     -0.6254121639,       2.350971535
          0,           0,          17,      -3.102789642,     -0.7047202944,     -0.6500191849,     -0.6345274738,       2.356324078
          0,           0,          18,      -3.137283707,     -0.7322173515,     -0.6782689803,     -0.6613795003,       2.328482831
          0,           0,          19,      -3.202662068,      -0.763821553,     -0.7232159699,     -0.7041775589,       2.267602356
          0,           0,          20,      -3.295112241,     -0.7980241162,     -0.7779369437,      -0.756711591,       2.175682179
          0,           0,          21,      -3.400350608,     -0.8312825316,      -0.830595743,       -0.80850428,       2.062358981
          0,           0,          22,      -3.485642374,     -0.8599098401,     -0.8694550084,     -0.8488582796,       1.957446394
          0,           0,          23,      -3.524545003,     -0.8824544813,     -0.8925395839,     -0.8749639162,       1.901081293
          0,           0,          24,      -3.535392911,     -0.9005892784,     -0.9075715439,      -0.892665909,       1.888387348
          0,           0,          25,      -3.551651938,     -0.9174827071,     -0.9231769326,     -0.9095157885,        1.87867127
          0,           0,          26,      -3.587253508,     -0.9353580608,     -0.9423882013,     -0.9287261543,        1.84986845
          0,           0,          27,       -3.63752645,     -0.9545645536,      -0.962749726,     -0.9485479049,        1.80359928
          0,           0,          28,      -3.685177661,     -0.9738681362,     -0.9796855491,     -0.9652488072,       1.756987678
          0,           0,          29,      -3.711175541,     -0.9912830383,     -0.9903424055,     -0.9763624189,       1.731965893
          0,           0,          30,      -3.714153334,      -1.005303082,     -0.9954093477,     -0.9824050568,       1.733190147
          0,           0,          31,      -3.709940086,      -1.015555666,     -0.9977835895,     -0.9858851711,       1.744357756
          0,           0,          32,      -3.711603314,      -1.022603606,     -0.9997410363,     -0.9888719028,       1.750289753
          0,           0,          33,        -3.7211515,       -1.02738014,      -1.001628536,     -0.9916865875,       1.747444314
          0,           0,          34,      -3.732495671,      -1.030718636,      -1.002463084,     -0.9934266147,       1.740799304
          0,           0,          35,      -3.739745583,      -1.033430227,      -1.001810337,     -0.9937237613,       1.735815141
          0,           0,          36,      -3.742177869,      -1.036120033,      -1.000361234,     -0.9931060761,       1.733910888
          0,           0,          37,      -3.743381398,      -1.039041404,     -0.9992819807,     -0.9925548982,       1.732576963
          0,           0,          38,      -3.749304239,      -1.042465643,      -0.999915755,     -0.9932774418,       1.726510946
          0,           0,          39,      -3.764107742,      -1.046542814,      -1.003066233,     -0.9960254805,       1.711419534
          0,           0,          40,      -3.787458144,      -1.051115431,       -1.00848661,      -1.000647468,       1.686872314
          0,           0,          41,      -3.812857222,      -1.055699146,      -1.014981869,      -1.006118203,       1.658433393
          0,           0,          42,       -3.82962977,      -1.059616925,      -1.021049257,       -1.01117609,       1.636779388
          0,           0,          43,      -3.829548516,      -1.062251426,      -1.025612944,      -1.014967692,       1.632139419
          0,           0,          44,      -3.814798282,      -1.063309591,      -1.028612087,      -1.017541101,       1.644898742
          0,           0,          45,      -3.794630287,      -1.062859721,      -1.030732005,      -1.019593295,       1.666217841
          0,           0,          46,      -3.777074939,      -1.061235598,      -1.032826845,      -1.021924865,       1.686934929
          0,           0,          47,      -3.766943824,      -1.058922778,      -1.035661843,      -1.025209621,       1.701101472
          0,           0,          48,      -3.765752552,      -1.056357303,      -1.039594729,      -1.029727413,       1.706494715
          0,           0,          49,      -3.772796428,      -1.053828587,       -1.04450137,      -1.035317274,       1.703419309
          0,           0,          50,      -3.786029963,      -1.051449501,      -1.049893529,      -1.041468676,       1.693649719
          0,           0,          51,      -3.802673265,      -1.049205859,      -1.055123748,      -1.047531218,       1.679735942
          0,           0,          52,      -3.819830072,      -1.047023831,      -1.059603394,      -1.052917297,       1.664397134
          0,           0,          53,      -3.835118151,      -1.044834621,      -1.062941996,      -1.057237731,       1.649957366
          0,           0,          54,      -3.847159799,      -1.042602158,      -1.064991683,      -1.060337204,       1.637899339
          0,           0,          55,       -3.85579224,       -1.04033759,      -1.065815483,      -1.062269351,       1.628622769
          0,           0,          56,      -3.861823146,      -1.038091504,      -1.065635423,      -1.063229971,       1.621595935
          0,           0,          57,      -3.866560837,      -1.035942207,      -1.064756401,      -1.063493356,        1.61574596
          0,           0,          58,      -3.871343773,      -1.033978146,      -1.063494723,      -1.063347675,       1.609895554
          0,           0,          59,      -3.877267381,      -1.032288147,      -1.062136634,      -1.063056601,       1.603043583
          0,           0,          60,      -3.885091392,      -1.030953186,      -1.060918717,      -1.062827652,       1.594473094
          0,           0,          61,      -3.895219729,      -1.030042727,       -1.06000911,      -1.062808461,       1.583781842
          0,           0,          62,      -3.907711116,      -1.029606909,      -1.059509058,       -1.06308041,       1.570879201
          0,           0,          63,      -3.922276395,      -1.029674385,      -1.059448997,      -1.063668284,       1.555991135
          0,           0,          64,      -3.938290375,      -1.030254989,      -1.059806635,      -1.064551708,        1.53965558
          0,           0,          65,      -3.954878134,      -1.031338757,      -1.060524139,      -1.065680723,       1.522656886
          0,           0,          66,      -3.971062702,      -1.032903152,      -1.061532375,      -1.066995418,        1.50589922
          0,           0,          67,      -3.985970755,      -1.034914741,      -1.062765439,      -1.068441454,        1.49022107
          0,           0,          68,      -3.999027649,      -1.037339357,      -1.064172766,      -1.069981735,       1.476209449
          0,           0,          69,      -4.010087212,      -1.040151702,      -1.065727299,      -1.071602973,       1.464062368
          0,           0,          70,       -4.01935086,      -1.043332823,      -1.067419125,       -1.07330902,       1.453645484
          0,           0,          71,      -4.027137824,      -1.046868682,      -1.069238373,      -1.075104146,       1.444698596
          0,           0,          72,      -4.033744661,      -1.050745768,      -1.071172757,      -1.076984791,        1.43697553
          0,           0,          73,      -4.039386865,      -1.054951617,      -1.073204341,      -1.078945805,       1.430308362
          0,           0,          74,      -4.044221935,      -1.059476053,      -1.075315208,      -1.080978206,       1.424588019
          0,           0,          75,      -4.048374861,       -1.06431344,      -1.077490279,      -1.083077487,       1.419733044
          0,           0,          76,      -4.051967041,      -1.069458992,      -1.079718492,      -1.085242104,       1.415652149
          0,           0,          77,      -4.055134607,      -1.074914233,      -1.081992564,       -1.08747446,       1.412217748
          0,           0,          78,      -4.058025459,      -1.080680472,       -1.08430842,      -1.089778351,       1.409267311
          0,           0,          79,      -4.060797049,      -1.086761757,      -1.086664098,      -1.092157997,       1.406608503
          0,           0,          80,      -4.063608017,      -1.093162989,      -1.089061267,      -1.094615967,       1.404036102
          0,           0,          81,      -4.066620627,      -1.099894555,      -1.091499018,      -1.097152129,       1.401338667
          0,           0,          82,      -4.069992904,      -1.106966684,      -1.093979779,      -1.099765217,       1.398313487
          0,           0,          83,      -4.073871534,      -1.114392663,      -1.096503671,      -1.102456289,       1.394776663
          0,           0,          84,      -4.078384464,      -1.122188747,      -1.099073776,       -1.10522688,       1.390572327
          0,           0,          85,      -4.083631985,      -1.130370469,      -1.101692194,      -1.108076231,       1.385580908
          0,           0,          86,      -4.089673158,      -1.138954672,      -1.104361308,      -1.111003566,       1.379730829
          0,           0,          87,       -4.09651216,      -1.147952534,      -1.107084237,      -1.114006861,       1.373010854
          0,           0,          88,      -4.104107379,      -1.157373658,      -1.109865069,      -1.117086791,       1.365458508
          0,           0,          89,      -4.112363533,      -1.167227164,      -1.112707403,      -1.120245927,       1.357167107
          0,           0,          90,       -4.12115249,      -1.177513876,       -1.11561801,      -1.123487957,       1.348265606
          0,           0,          91,        -4.1303139,      -1.188228512,      -1.118606941,      -1.126820305,       1.338916304
          0,           0,          92,      -4.139672517,      -1.199358651,       -1.12168859,      -1.130255698,       1.329299267
          0,           0,          93,      -4.149052494,      -1.210883445,      -1.124883129,      -1.133812107,       1.319597874
          0,           0,          94,      -4.158294015,      -1.222770779,      -1.128220174,      -1.137514761,       1.309983908
          0,           0,          95,      -4.167269797,      -1.234978552,      -1.131737032,      -1.141397655,       1.300600469
          0,           0,          96,      -4.175892524,      -1.247453176,      -1.135479116,       -1.14550204,       1.291553347
          0,           0,          97,      -4.184113055,      -1.260130072,      -1.139500784,       -1.14987687,       1.282910934
          0,           0,          98,      -4.191917552,      -1.272933156,      -1.143863118,       -1.15457958,       1.274706695
          0,           0,          99,      -4.199318376,      -1.285780149,      -1.148634519,      -1.159670291,       1.266946235
          0,           0,         100,      -4.206350273,      -1.298583459,      -1.153886189,       -1.16521433,       1.259610051
          0,           0,         101,      -4.213060989,      -1.311255061,      -1.159691303,       -1.17127751,        1.25266201
          0,           0,         102,       -4.21950633,      -1.323710124,      -1.166121441,       -1.17792426,       1.246053979
          0,           0,         103,      -4.225741966,      -1.335874102,      -1.173242558,      -1.185214819,       1.239733509
          0,           0,         104,      -4.231827274,      -1.347681246,      -1.181112093,      -1.193202733,       1.233640662
          0,           0,         105,      -4.237817237,       -1.35908557,      -1.189774942,       -1.20192912,        1.22771578
          0,           0,         106,      -4.243766502,      -1.370054948,      -1.199260328,      -1.211422739,       1.221896969
          0,           0,         107,       -4.24971668,      -1.380564326,      -1.209574894,      -1.221695993,       1.216132581
          0,           0,         108,      -4.255691082,      -1.390588392,      -1.220695948,      -1.232736048,       1.210387211
          0,           0,         109,      -4.261690772,      -1.400089847,      -1.232566935,      -1.244502831,        1.20464574
          0,           0,         110,      -4.267690915,      -1.409008442,      -1.245091433,      -1.256924445,       1.198918087
          0,           0,         111,      -4.273632592,      -1.417240092,      -1.258129323,      -1.269891722,       1.193248907
          0,           0,         112,      -4.279447816,      -1.424628381,      -1.271488596,      -1.283252542,         1.1876935
          0,           0,         113,      -4.285074181,      -1.430972017,      -1.284921116,      -1.296808747,        1.18230684
          0,           0,         114,        -4.2904903,       -1.43603475,      -1.298123939,      -1.310309059,        1.17710903
          0,           0,         115,      -4.295767428,      -1.439607201,      -1.310765182,       -1.32344677,       1.172032627
          0,           0,         116,      -4.301022594,      -1.441561945,      -1.322527116,      -1.335872254,        1.16696314
          0,           0,         117,      -4.306445055,      -1.441908127,      -1.333180752,       -1.34723056,       1.161706874
          0,           0,         118,      -4.312203105,      -1.440795732,      -1.342644441,      -1.357221925,       1.156082822
          0,           0,         119,      -4.318382156,      -1.438490344,      -1.350995963,      -1.365673653,       1.150000575
          0,           0,         120,      -4.324915164,      -1.435319751,       -1.35839838,      -1.372594018,       1.143535458
          0,           0,         121,      -4.331534872,       -1.43162571,      -1.365016953,      -1.378152049,       1.136977618
          0,           0,         122,      -4.337783216,      -1.427704769,      -1.370933293,      -1.382608167,       1.130800998
          0,           0,         123,      -4.343221525,      -1.423793877,      -1.376169929,      -1.386243897,       1.125474625
          0,           0,         124,      -4.347482392,      -1.420015091,      -1.380742571,      -1.389292887,       1.121403642
          0,           0,         125,      -4.350383439,       -1.41641599,      -1.384728473,      -1.391931044,       1.118815646
          0,           0,         126,      -4.351953624,      -1.412996165,      -1.388292886,      -1.394291015,       1.117722788
          0,           0,         127,       -4.35233554,      -1.409747817,      -1.391642125,      -1.396493741,       1.117994517
          0,           0,         128,       -4.35178636,      -1.406691749,      -1.394973187,      -1.398672854,       1.119354237
          0,           0,         129,      -4.350558609,      -1.403866163,      -1.398420292,      -1.400975396,       1.121501073
          0,           0,         130,      -4.348879861,      -1.401319057,      -1.402041722,      -1.403543476,       1.124145988
          0,           0,         131,      -4.346948892,       -1.39909349,      -1.405832502,       -1.40649235,        1.12703301
          0,           0,         132,      -4.344937623,      -1.397219082,      -1.409753918,      -1.409887435,       1.129946708
          0,           0,         133,      -4.343008717,      -1.395718748,      -1.413764228,      -1.413745389,       1.132700458
          0,           0,         134,      -4.341317018,      -1.394615992,      -1.417841711,      -1.418044663,       1.135132691
          0,           0,         135,      -4.340002783,      -1.393934933,      -1.421995894,      -1.422743635,       1.137108089
          0,           0,         136,      -4.339178593,      -1.393706449,      -1.426255868,      -1.427784419,       1.138523809
          0,           0,         137,      -4.338898617,      -1.393951111,       -1.43063947,      -1.433090759,        1.13933588
          0,           0,         138,      -4.339157932,       -1.39468845,      -1.435140392,      -1.438573939,       1.139557217
          0,           0,         139,      -4.339920227,      -1.395946547,      -1.439729658,      -1.444143271,       1.139228005
          0,           0,         140,      -4.341124937,       -1.39775785,      -1.444343956,      -1.449694569,       1.138410923
          0,           0,         141,      -4.342694897,      -1.400150398,      -1.448885461,      -1.455106659,       1.137182019
          0,           0,         142,       -4.34452026,      -1.403139035,      -1.453226817,      -1.460243232,        1.13564717
          0,           0,         143,      -4.346491579,      -1.406718154,      -1.457229311,      -1.464968688,       1.133911622
          0,           0,         144,      -4.348515744,       -1.41085515,      -1.460763263,      -1.469163678,       1.132065078
          0,           0,         145,      -4.350524288,      -1.415483701,      -1.463722976,      -1.472734619,       1.130174386
          0,           0,         146,       -4.35248572,      -1.420511499,      -1.466046321,      -1.475627976,       1.128271916
          0,           0,         147,      -4.354404682,      -1.425824655,      -1.467720256,      -1.477835658,       1.126356468
          0,           0,         148,      -4.356311209,      -1.431300194,       -1.46878544,      -1.479393211,       1.124402843
          0,           0,         149,      -4.358251361,      -1.436820316,      -1.469331579,      -1.480375408,       1.122371363
          0,           0,         150,      -4.360283071,        -1.4422893,      -1.469491447,      -1.480889571,       1.120211028
          0,           0,         151,      -4.362469353,       -1.44764421,      -1.469429791,      -1.481070561,       1.117865992
          0,           0,         152,      -4.364884215,      -1.452865233,      -1.469333938,      -1.481070406,       1.115270497
          0,           0,         153,       -4.36761806,      -1.457979381,      -1.469401126,       -1.48104509,       1.112342011
          0,           0,         154,      -4.370783564,      -1.463062297,      -1.469822199,      -1.481157656,       1.108975826
          0,           0,         155,      -4.374505426,      -1.468237941,      -1.470770422,      -1.481559214,        1.10505397
          0,           0,         156,      -4.378921397,      -1.473669857,      -1.472394109,      -1.482382998,       1.100444237
          0,           0,         157,      -4.384174202,      -1.479556681,      -1.474809125,      -1.483742484,       1.095006914
          0,           0,         158,      -4.390400506,      -1.486120234,      -1.478097186,      -1.485729086,       1.088605227
          0,           0,         159,      -4.397723675,      -1.493597101,       -1.48230323,      -1.488407484,       1.081112821
          0,           0,         160,      -4.406258727,      -1.502226429,      -1.487439944,      -1.491822206,       1.072408686
          0,           0,         161,      -4.416100011,      -1.512247831,      -1.493488753,      -1.495994606,       1.062389707
          0,           0,         162,      -4.427342415,      -1.523896426,      -1.500408638,      -1.500933576,       1.050950745
          0,           0,         163,      -4.440058971,      -1.537399581,        -1.5081411,      -1.506637918,       1.038004345
          0,           0,         164,      -4.454328823,      -1.552977653,      -1.516621579,       -1.51310549,       1.023456161
          0,           0,         165,      -4.470183999,      -1.570846934,      -1.525781565,      -1.520335097,       1.007254928
          0,           0,         166,      -4.487579613,      -1.591211349,      -1.535557517,      -1.528333412,      0.9894288111
          0,           0,         167,      -4.506359101,       -1.61425635,      -1.545893902,      -1.537113315,      0.9701188692
          0,           0,         168,      -4.526273783,      -1.640120634,      -1.556747805,      -1.546694741,      0.9495630355
          0,           0,         169,      -4.547007073,      -1.668858935,      -1.568082855,      -1.557094458,      0.9280759887
          0,           0,         170,      -4.568166476,      -1.700388333,      -1.579856368,      -1.568311204,      0.9060591635
          0,           0,         171,      -4.589271505,      -1.734419845,      -1.592007624,      -1.580310998,      0.8840163604
          0,           0,         172,      -4.609763523,      -1.770376967,      -1.604450031,      -1.593016772,      0.8625495471
          0,           0,         173,      -4.629018267,      -1.807308506,       -1.61707277,      -1.606307061,      0.8423440727
          0,           0,         174,      -4.646444181,       -1.84379745,      -1.629746079,      -1.620025748,      0.8240711349
          0,           0,         175,      -4.661535734,      -1.877939961,      -1.642331019,      -1.633988837,      0.8083208637
          0,           0,         176,      -4.673958859,      -1.907478189,      -1.654687958,      -1.647998419,      0.7955000852
          0,           0,         177,      -4.683593044,       -1.93019282,      -1.666687466,      -1.661852742,      0.7857743266
          0,           0,         178,      -4.690544101,      -1.944524771,      -1.678218012,      -1.675360197,      0.7790439747
          0,           0,         179,      -4.695123228,      -1.950137417,      -1.689194694,      -1.688351542,       0.774967104
          0,           0,         180,      -4.697787999,      -1.948036243,       -1.69956634,      -1.700691324,      0.7730273244
          0,           0,         181,      -4.699060046,      -1.940152847,      -1.709318416,      -1.712283735,      0.7726295262
          0,           0,         182,      -4.699513567,      -1.928696065,      -1.718476695,      -1.723079124,      0.7731322297
          0,           0,         183,      -4.699655731,      -1.915660052,      -1.727102408,      -1.733074264,      0.7739651732
          0,           0,         184,      -4.699946467,      -1.902598093,       -1.73528936,      -1.742312513,      0.7746210098
          0,           0,         185,      -4.700777572,      -1.890611308,       -1.74315634,      -1.750875603,      0.7746747397
          0,           0,         186,      -4.702465272,      -1.880424025,      -1.750834736,      -1.758875094,      0.7737898164
          0,           0,         187,      -4.705247949,      -1.872484322,      -1.758457251,      -1.766440784,      0.7717159301
          0,           0,         188,      -4.709296477,      -1.867051557,      -1.766154163,      -1.773712788,      0.7682765873
          0,           0,         189,      -4.714716691,      -1.864253866,      -1.774043513,      -1.780829925,      0.7633635569
          0,           0,         190,         -4.721574,       -1.86413658,      -1.782226018,      -1.787924465,      0.7569121707
          0,           0,         191,      -4.729877266,      -1.866692896,      -1.790779499,      -1.795112357,      0.7489138183
          0,           0,         192,      -4.739587732,      -1.871874996,      -1.799754163,      -1.802488834,       0.739407331
          0,           0,         193,      -4.750631821,      -1.879609623,      -1.809169555,      -1.810125418,      0.7284664658
          0,           0,         194,      -4.762885003,      -1.889794354,      -1.819013545,      -1.818065195,      0.7162156461
          0,           0,         195,      -4.776173583,      -1.902299793,      -1.829240054,       -1.82632352,      0.7028281292
          0,           0,         196,      -4.790275736,      -1.916955178,      -1.839772391,      -1.834891551,      0.6885269338
          0,           0,         197,      -4.804918382,      -1.933532762,      -1.850507528,      -1.843741245,      0.6735888106
          0,           0,         198,      -4.819782326,      -1.951722459,      -1.861322279,      -1.852830976,      0.6583404625
          0,           0,         199,      -4.834515011,      -1.971097394,       -1.87208036,       -1.86211016,      0.6431477517
          0,           0,         200,      -4.848748323,      -1.991073843,      -1.882638224,      -1.871520851,      0.6283985853
          0,           0,         201,      -4.862111439,      -2.010898552,      -1.892845427,      -1.880991816,      0.6144892631
          0,           0,         202,      -4.874261555,       -2.02965243,      -1.902546091,       -1.89043063,      0.6017931963
          0,           0,         203,      -4.884906632,      -2.046319115,      -1.911581185,       -1.89971581,      0.5906341487
          0,           0,         204,      -4.893832832,      -2.059912224,      -1.919797996,      -1.908699746,      0.5812553341
          0,           0,         205,      -4.900929233,      -2.069645239,       -1.92706695,      -1.917223341,      0.5737904014
          0,           0,         206,      -4.906199347,        -2.0750823,      -1.933304539,      -1.925135286,       0.568249846
          0,           0,         207,      -4.909763912,      -2.076225967,      -1.938490982,      -1.932317173,      0.5645174475
          0,           0,         208,      -4.911844864,      -2.073496973,      -1.942680058,      -1.938703641,      0.5623664608
          0,           0,         209,      -4.912747228,      -2.067622259,        -1.9459976,      -1.944292643,      0.5614794977
          0,           0,         210,      -4.912824483,      -2.059481627,      -1.948628523,      -1.949146539,      0.5614856231
          0,           0,         211,      -4.912448945,      -2.049968343,      -1.950796339,      -1.953383156,      0.5619935597
          0,           0,         212,      -4.911983199,       -2.03988876,      -1.952743042,      -1.957162275,      0.5626223377
          0,           0,         213,      -4.911754001,      -2.029913266,      -1.954710419,      -1.960666329,      0.5630286365
          0,           0,         214,      -4.912045666,      -2.020572051,      -1.956927346,      -1.964087528,      0.5629145443
          0,           0,         215,      -4.913091751,      -2.012265431,      -1.959597907,        -1.9676133,      0.5620356117
          0,           0,         216,      -4.915074933,      -2.005283821,      -1.962895573,      -1.971417944,      0.5602008667
          0,           0,         217,      -4.918123757,      -1.999827659,      -1.966958826,      -1.975653564,      0.5572751923
          0,           0,         218,      -4.922319697,      -1.996025973,      -1.971891662,      -1.980446768,      0.5531723351
          0,           0,         219,      -4.927702867,       -1.99395324,      -1.977764739,      -1.985896695,      0.5478488494
          0,           0,         220,      -4.934268434,      -1.993641672,      -1.984616981,      -1.992075204,      0.5413069926
          0,           0,         221,      -4.941978734,      -1.995091451,      -1.992458085,      -1.999027905,      0.5335832737
          0,           0,         222,      -4.950755966,      -1.998279708,         -2.001269,      -2.006774603,       0.524755435
          0,           0,         223,      -4.960485093,      -2.003160764,      -2.011004515,      -2.015309679,      0.5149400449
          0,           0,         224,      -4.971011539,      -2.009673466,      -2.021592114,       -2.02460298,      0.5042953347
          0,           0,         225,      -4.982139076,      -2.017740019,      -2.032934416,      -2.034600174,      0.4930238326
          0,           0,         226,        -4.9936312,      -2.027265392,      -2.044907788,      -2.045224107,      0.4813716998
          0,           0,         227,      -5.005215025,      -2.038134644,      -2.057363969,      -2.056374351,      0.4696253656
          0,           0,         228,      -5.016579228,      -2.050208424,      -2.070131076,      -2.067927605,      0.4581121572
          0,           0,         229,      -5.027412466,      -2.063318265,      -2.083015221,      -2.079741044,       0.447164414
          0,           0,         230,      -5.037417705,      -2.077262549,      -2.095806234,      -2.091653809,      0.4371009866
          0,           0,         231,      -5.046344094,      -2.091802221,      -2.108283489,      -2.103490716,      0.4281931055
          0,           0,         232,      -5.054017359,      -2.106661865,      -2.120224357,       -2.11506717,      0.4206314493
          0,           0,         233,      -5.060358071,      -2.121532137,      -2.131415138,      -2.126194479,      0.4145045575
          0,           0,         234,      -5.065382653,      -2.136080807,       -2.14166312,      -2.136688691,      0.4097954119
          0,           0,         235,      -5.069191454,      -2.149972826,      -2.150810863,      -2.146381069,      0.4063940302
          0,           0,         236,      -5.071940203,       -2.16289261,      -2.158749448,      -2.155129226,      0.4041267526
          0,           0,         237,      -5.073820666,      -2.174572754,      -2.165430659,      -2.162829479,      0.4027794033
          0,           0,         238,      -5.075052687,      -2.184821917,      -2.170875336,      -2.169428886,      0.4021087992
          0,           0,         239,      -5.075881444,      -2.193546785,      -2.175175868,        -2.1749337,      0.4018480649
          0,           0,         240,      -5.076567002,      -2.200762461,      -2.178487396,      -2.179411469,      0.4017185011
          0,           0,         241,      -5.077370374,      -2.206590299,       -2.18101405,      -2.182985622,      0.4014439362
          0,           0,         242,      -5.078537592,      -2.211241095,      -2.182991404,      -2.185825032,      0.4007663407
          0,           0,         243,      -5.080288398,      -2.214991754,      -2.184667887,      -2.188130157,      0.3994569187
          0,           0,         244,      -5.082809788,      -2.218158932,      -2.186289455,       -2.19011773,      0.3973217297
          0,           0,         245,      -5.086253903,      -2.221073739,      -2.188087114,      -2.192006579,      0.3942037113
          0,           0,         246,      -5.090737247,      -2.224059458,      -2.190267801,      -2.194005156,      0.3899832591
          0,           0,         247,      -5.096341468,      -2.227417035,      -2.193008959,       -2.19630272,      0.3845768059
          0,           0,         248,      -5.103113833,      -2.231414321,      -2.196454783,      -2.199063324,       0.377935693
          0,           0,         249,      -5.111069789,      -2.236281959,       -2.20071588,      -2.202421678,      0.3700437977
          0,           0,         250,      -5.120192316,       -2.24221202,      -2.205868351,      -2.206481334,      0.3609179206
          0,           0,         251,      -5.130435601,      -2.249362044,      -2.211954818,      -2.211314918,      0.3506039676
          0,           0,         252,      -5.141716941,      -2.257856246,      -2.218984827,      -2.216962918,       0.339184916
          0,           0,         253,      -5.153917023,      -2.267789257,      -2.226934474,      -2.223436268,       0.326780729
          0,           0,         254,      -5.166878324,      -2.279228876,      -2.235747713,       -2.23071687,        0.31355072
          0,           0,         255,      -5.180397084,      -2.292218844,      -2.245336141,      -2.238758898,      0.2997017808
          0,           0,         256,      -5.194216176,      -2.306773599,      -2.255579088,      -2.247491287,      0.2854965306
          0,           0,         257,      -5.208025952,      -2.322873684,      -2.266324387,      -2.256820632,      0.2712544137
          0,           0,         258,      -5.221474215,      -2.340450794,      -2.277392073,      -2.266633787,      0.2573426162
          0,           0,         259,      -5.234197815,      -2.359367705,      -2.288580388,      -2.276802941,       0.244145394
          0,           0,         260,      -5.245858524,      -2.379387612,      -2.299671291,      -2.287186619,      0.2320277362
          0,           0,         261,      -5.256172125,      -2.400141125,      -2.310432764,      -2.297624985,      0.2213034364
          0,           0,         262,      -5.264929671,       -2.42110195,      -2.320618884,      -2.307931905,      0.2122090047
          0,           0,         263,      -5.272010339,      -2.441589524,      -2.329976686,       -2.31789276,      0.2048854326
          0,           0,         264,      -5.277383161,      -2.460803716,      -2.338263398,      -2.327273994,       0.199373134
          0,           0,         265,      -5.281099527,      -2.477893132,       -2.34527375,      -2.335844354,      0.1956187403
          0,           0,         266,      -5.283281417,      -2.492057054,      -2.350870588,      -2.343402347,      0.1934892501
          0,           0,         267,      -5.284113598,      -2.502664751,      -2.355010007,      -2.349803285,      0.1927835018
          0,           0,         268,      -5.283838063,      -2.509368499,      -2.357749771,      -2.354978714,      0.1932410356
          0,           0,         269,      -5.282742007,      -2.512170293,      -2.359243859,      -2.358945328,      0.1945564149
          0,           0,         270,      -5.281139134,      -2.511416521,      -2.359722959,      -2.361801578,      0.1963990793
          0,           0,         271,       -5.27935118,      -2.507727622,      -2.359467935,      -2.363714502,      0.1984334185
          0,           0,         272,      -5.277692183,      -2.501885045,      -2.358783707,      -2.364900943,      0.2003346737
          0,           0,         273,      -5.276454313,      -2.494715536,      -2.357973296,      -2.365604236,      0.2018029017
          0,           0,         274,      -5.275899793,      -2.487003467,      -2.357320644,      -2.366074771,      0.2025709567
          0,           0,         275,      -5.276254129,      -2.479435659,       -2.35707809,      -2.366554633,      0.2024103382
          0,           0,         276,      -5.277703355,      -2.472578829,      -2.357460237,       -2.36726535,      0.2011331113
          0,           0,         277,      -5.280395901,      -2.466880566,      -2.358641807,      -2.368401535,      0.1985894248
          0,           0,         278,      -5.284444181,      -2.462680303,      -2.360759099,      -2.370127335,      0.1946652242
          0,           0,         279,      -5.289929973,       -2.46022985,      -2.363911701,      -2.372575177,      0.1892769361
          0,           0,         280,      -5.296907116,       -2.45971134,      -2.368165213,      -2.375846282,      0.1823683935
          0,           0,         281,      -5.305402571,      -2.461253324,      -2.373554789,      -2.380011905,      0.1739096918
          0,           0,         282,      -5.315417511,      -2.464944491,      -2.380086869,      -2.385115103,       0.163896049
          0,           0,         283,      -5.326927803,      -2.470844149,      -2.387740909,      -2.391172644,      0.1523475035
          0,           0,         284,      -5.339881972,      -2.478989434,      -2.396471038,      -2.398176811,      0.1393109113
          0,           0,         285,      -5.354197593,      -2.489400104,      -2.406207255,      -2.406098209,      0.1248636749
          0,           0,         286,      -5.369754862,       -2.50207931,      -2.416857469,      -2.414889403,      0.1091206364
          0,           0,         287,      -5.386381681,      -2.517009628,      -2.428309315,      -2.424488936,     0.09224903221
          0,           0,         288,      -5.403830191,      -2.534142006,         -2.440432,      -2.434824662,     0.07449237213
          0,           0,         289,      -5.421760871,      -2.553377301,        -2.4530781,      -2.445815515,     0.05618978558
          0,           0,         290,      -5.439748365,      -2.574536165,      -2.466085367,      -2.457372295,     0.03777335533
          0,           0,         291,      -5.457316414,      -2.597315685,      -2.479278403,      -2.469396647,     0.01973590989
          0,           0,         292,       -5.47397531,      -2.621239008,      -2.492464836,      -2.481772588,    0.002594242393
          0,           0,         293,      -5.489256282,      -2.645611722,      -2.505428024,      -2.494351876,    -0.01314717828
          0,           0,         294,      -5.502751363,      -2.669508442,        -2.5179251,      -2.506942417,    -0.02704047674
          0,           0,         295,      -5.514158521,      -2.691809886,      -2.529698062,      -2.519309604,    -0.03874589575
          0,           0,         296,      -5.523318716,      -2.711308708,      -2.540498472,      -2.531193572,     -0.0480758391
          0,           0,         297,      -5.530229588,      -2.726883864,      -2.550119654,      -2.542338119,    -0.05501402948
          0,           0,         298,      -5.535031428,      -2.737713098,      -2.558426737,      -2.552522643,    -0.05970360449
          0,           0,         299,      -5.537977317,      -2.743456718,      -2.565375453,      -2.561588399,    -0.06241481787
          0,           0,         300,      -5.539397841,       -2.74432612,      -2.571014859,      -2.569455295,    -0.06350533403
          0,           0,         301,       -5.53967559,      -2.741008681,       -2.57548084,      -2.576129046,     -0.0633886991
          0,           0,         302,      -5.539223616,      -2.734495178,      -2.578984937,      -2.581700033,     -0.0625079741
          0,           0,         303,      -5.538460635,      -2.725884691,      -2.581788808,      -2.586330064,    -0.06130764826
          0,           0,         304,      -5.537782152,      -2.716223921,      -2.584176188,      -2.590229855,     -0.0602036577
          0,           0,         305,      -5.537537579,      -2.706414442,      -2.586428856,      -2.593635436,    -0.05956044238
          0,           0,         306,      -5.538018265,      -2.697179451,      -2.588809321,      -2.596787135,    -0.05967958558
          0,           0,         307,       -5.53945455,      -2.689069356,      -2.591549911,      -2.599913821,    -0.06079790381
          0,           0,         308,      -5.542017645,      -2.682485561,      -2.594846161,      -2.603222399,     -0.0630903642
          0,           0,         309,      -5.545825054,      -2.677709673,      -2.598855321,      -2.606891582,    -0.06667663542
          0,           0,         310,       -5.55094689,      -2.674931163,      -2.603696281,      -2.611068444,    -0.07162819234
          0,           0,         311,      -5.557410534,      -2.674270702,      -2.609450598,      -2.615867128,     -0.0779734538
          0,           0,         312,      -5.565202956,      -2.675798091,      -2.616163682,      -2.621368773,    -0.08570049542
          0,           0,         313,      -5.574271819,      -2.679545547,      -2.623845841,      -2.627621741,    -0.09475824179
          0,           0,         314,      -5.584524065,      -2.685516678,      -2.632472988,      -2.634642027,     -0.1050549571
          0,           0,         315,      -5.595822787,      -2.693691798,      -2.641986309,      -2.642414364,      -0.116454842
          0,           0,         316,        -5.6079828,      -2.704029678,      -2.652292036,      -2.650893675,     -0.1287732113
          0,           0,         317,      -5.620767578,      -2.716464095,      -2.663263558,      -2.660007626,     -0.1417723414
          0,           0,         318,      -5.633887033,      -2.730896907,      -2.674743045,      -2.669660487,     -0.1551587465
          0,           0,         319,      -5.647004572,       -2.74718403,      -2.686545806,      -2.679738718,     -0.1685888413
          0,           0,         320,      -5.659752582,      -2.765111346,      -2.698466639,      -2.690117497,     -0.1816832308
          0,           0,         321,      -5.671759189,      -2.784363467,      -2.710286632,      -2.700664954,       -0.19405278
          0,           0,         322,       -5.68268278,      -2.804488419,      -2.721779777,      -2.711241987,     -0.2053336385
          0,           0,         323,      -5.692247701,      -2.824870758,      -2.732715998,      -2.721697551,     -0.2152249821
          0,           0,         324,      -5.700268228,       -2.84472723,      -2.742867507,      -2.731862056,     -0.2235175519
          0,           0,         325,      -5.706659437,      -2.863144174,       -2.75201696,      -2.741546591,     -0.2301086789
          0,           0,         326,      -5.711430651,      -2.879164253,      -2.759975173,      -2.750552073,     -0.2349984604
          0,           0,         327,      -5.714669653,      -2.891918479,      -2.766605359,      -2.758689534,      -0.238274429
          0,           0,         328,      -5.716528489,      -2.900775424,       -2.77184624,      -2.765805162,     -0.2400955226
          0,           0,         329,      -5.717216685,      -2.905463778,      -2.775729039,      -2.771806035,     -0.2406828753
          0,           0,         330,      -5.716993955,      -2.906124318,      -2.778378539,       -2.77667661,     -0.2403101852
          0,           0,         331,      -5.716157894,      -2.903267741,       -2.78000027,      -2.780482606,     -0.2392897096
          0,           0,         332,      -5.715024463,      -2.897658396,      -2.780856545,       -2.78336237,     -0.2379517633
          0,           0,         333,       -5.71390701,      -2.890169323,      -2.781238679,      -2.785508991,     -0.2366225929
          0,           0,         334,      -5.713099317,      -2.881659776,      -2.781442074,      -2.787148671,     -0.2356066683
          0,           0,         335,      -5.712866656,      -2.872898748,      -2.781748262,      -2.788521302,     -0.2351777638
          0,           0,         336,      -5.713439181,      -2.864532395,      -2.782411616,      -2.789864217,     -0.2355726546
          0,           0,         337,      -5.715004455,      -2.857075242,      -2.783650293,      -2.791397945,     -0.2369839833
          0,           0,         338,      -5.717705818,      -2.850919231,      -2.785642403,      -2.793317248,     -0.2395590877
          0,           0,         339,      -5.721643232,       -2.84635102,        -2.7885257,      -2.795786375,     -0.2434012795
          0,           0,         340,      -5.726875754,      -2.843571975,      -2.792399575,      -2.798936686,     -0.2485726365
          0,           0,         341,      -5.733424388,      -2.842716392,      -2.797327186,      -2.802867498,     -0.2550969132
          0,           0,         342,      -5.741273565,       -2.84386755,      -2.803337825,      -2.807646037,     -0.2629610154
          0,           0,         343,      -5.750371839,      -2.847069782,       -2.81042868,      -2.813309022,     -0.2721156185
          0,           0,         344,      -5.760629555,       -2.85233768,      -2.818565805,      -2.819863674,     -0.2824725919
          0,           0,         345,      -5.771914758,      -2.859661343,      -2.827684697,      -2.827288833,     -0.2939005756
          0,           0,         346,      -5.784049305,      -2.869009196,      -2.837690645,      -2.835536747,     -0.3062205262
          0,           0,         347,      -5.796802124,      -2.880327838,      -2.848459075,      -2.844535008,     -0.3191981637
          0,           0,         348,      -5.809884796,      -2.893536887,      -2.859836936,      -2.854189172,     -0.3325386531
          0,           0,         349,      -5.822954051,      -2.908519319,      -2.871644966,      -2.864386008,     -0.3458879403
          0,           0,         350,      -5.835629123,      -2.925106659,      -2.883681039,      -2.874996153,     -0.3588488575
          0,           0,         351,       -5.84752959,       -2.94305849,      -2.895725195,      -2.885875628,     -0.3710184427
          0,           0,         352,      -5.858321841,      -2.962040561,      -2.907545715,      -2.896866411,     -0.3820360157
          0,           0,         353,      -5.867751525,      -2.981603008,      -2.918904515,      -2.907796175,     -0.3916201301
          0,           0,         354,      -5.875656828,      -3.001169081,      -2.929563392,      -2.918477259,     -0.3995874648
          0,           0,         355,      -5.881970297,      -3.020049736,       -2.93929426,      -2.928708525,       -0.40585846
          0,           0,         356,      -5.886712487,      -3.037489028,      -2.947895804,      -2.938283814,      -0.410452531
          0,           0,         357,      -5.889976857,      -3.052739843,      -2.955214935,       -2.94700866,     -0.4134720335
          0,           0,         358,      -5.891912131,      -3.065160037,      -2.961168152,      -2.954721978,     -0.4150824835
          0,           0,         359,      -5.892717948,      -3.074312528,       -2.96575778,      -2.961317591,     -0.4155040789
          0,           0,         360,       -5.89264128,      -3.080040523,      -2.969076197,      -2.966759951,     -0.4150049637
          0,           0,         361,      -5.891968045,      -3.082492346,      -2.971296648,      -2.971090407,     -0.4138908182
          0,           0,         362,      -5.891007686,      -3.082087299,      -2.972654181,      -2.974422884,     -0.4124883206
          0,           0,         363,      -5.890074032,      -3.079436618,      -2.973421712,      -2.976930525,     -0.4111254892
          0,           0,         364,      -5.889465655,      -3.075246924,      -2.973885643,      -2.978826536,      -0.410111965
          0,           0,         365,      -5.889448604,      -3.070231658,       -2.97432446,      -2.980343242,     -0.4097218993
          0,           0,         366,      -5.890245531,      -3.065046213,       -2.97499325,      -2.981713192,     -0.4101835852
          0,           0,         367,      -5.892037672,      -3.060255869,      -2.976114549,      -2.983156683,     -0.4116816969
          0,           0,         368,      -5.894968382,      -3.056328702,      -2.977876556,      -2.984873522,     -0.4143616595
          0,           0,         369,      -5.899143936,      -3.053637798,      -2.980430503,      -2.987037319,     -0.4183310713
          0,           0,         370,       -5.90463372,      -3.052470127,      -2.983890428,      -2.989791745,     -0.4236605342
          0,           0,         371,      -5.911471354,      -3.053039144,      -2.988334333,      -2.993249005,     -0.4303852838
          0,           0,         372,      -5.919655782,      -3.055498607,      -2.993805915,      -2.997489633,     -0.4385063681
          0,           0,         373,       -5.92915091,      -3.059954953,       -3.00031596,      -3.002562963,      -0.447990493
          0,           0,         374,      -5.939884019,      -3.066478551,       -3.00784345,        -3.0084882,     -0.4587684171
          0,           0,         375,      -5.951743265,      -3.075111083,      -3.016335597,      -3.015255856,     -0.4707320943
          0,           0,         376,      -5.964573268,      -3.085870627,      -3.025709349,      -3.022829648,     -0.4837299885
          0,           0,         377,      -5.978170498,      -3.098753188,      -3.035852916,      -3.031149879,       -0.49756187
          0,           0,         378,      -5.992279285,      -3.113728294,      -3.046628087,      -3.040138091,     -0.5119739355
          0,           0,         379,      -6.006590906,      -3.130726266,      -3.057874132,      -3.049702488,     -0.5266564578
          0,           0,         380,      -6.020748783,      -3.149615093,      -3.069412191,       -3.05974231,     -0.5412468853
          0,           0,         381,      -6.034365055,      -3.170165424,      -3.081048975,      -3.070148035,     -0.5553439581
          0,           0,         382,      -6.047051804,      -3.192008603,      -3.092577638,      -3.080796047,     -0.5685374783
          0,           0,         383,      -6.058460324,      -3.214593521,      -3.103776105,      -3.091539233,     -0.5804488864
          0,           0,         384,      -6.068314699,      -3.237162631,      -3.114406097,      -3.102198015,     -0.5907691536
          0,           0,         385,      -6.076435613,      -3.258764402,      -3.124221169,      -3.112559312,     -0.5992882704
          0,           0,         386,      -6.082751429,      -3.278319092,       -3.13298765,      -3.122388383,     -0.6059112919
          0,           0,         387,      -6.087294447,      -3.294743034,      -3.140513081,      -3.131453121,     -0.6106577232
          0,           0,         388,      -6.090186171,        -3.3071191,      -3.146675889,       -3.13955249,      -0.613647309
          0,           0,         389,      -6.091621431,      -3.314875061,      -3.151446573,      -3.146543207,     -0.6150823898
          0,           0,         390,      -6.091858621,      -3.317907594,       -3.15489494,       -3.15235893,     -0.6152352648
          0,           0,         391,      -6.091209028,      -3.316597511,      -3.157182393,      -3.157018677,     -0.6144347135
          0,           0,         392,      -6.090019438,      -3.311710102,      -3.158542151,      -3.160623283,     -0.6130462272
          0,           0,         393,      -6.088648146,      -3.304226637,      -3.159252273,      -3.163340678,     -0.6114461332
          0,           0,         394,      -6.087436635,      -3.295169573,      -3.159606504,      -3.165383298,     -0.6099919559
          0,           0,         395,      -6.086689652,      -3.285474595,      -3.159891103,      -3.166985143,     -0.6090017081
          0,           0,         396,      -6.086673047,       -3.27593305,      -3.160372026,      -3.168385417,     -0.6087515727
          0,           0,         397,      -6.087612984,      -3.267179768,      -3.161285914,      -3.169815419,     -0.6094754751
          0,           0,         398,      -6.089691046,      -3.259700093,      -3.162832983,      -3.171486827,     -0.6113608447
          0,           0,         399,      -6.093044057,      -3.253849473,      -3.165174547,      -3.173584256,     -0.6145491361
          0,           0,         400,      -6.097767315,       -3.24987816,      -3.168433682,      -3.176261541,     -0.6191396561
          0,           0,         401,      -6.103918383,      -3.247955927,      -3.172697316,      -3.179641039,     -0.6251936331
          0,           0,         402,      -6.111520174,      -3.248192078,      -3.178018511,      -3.183813554,     -0.6327375484
          0,           0,         403,      -6.120562542,      -3.250651961,      -3.184418477,      -3.188839231,     -0.6417648247
          0,           0,         404,      -6.131002217,      -3.255369099,      -3.191888048,      -3.194748783,     -0.6522357309
          0,           0,         405,      -6.142760716,      -3.262353524,      -3.200388585,      -3.201544875,     -0.6640751327
          0,           0,         406,       -6.15572033,      -3.271596609,      -3.209852724,      -3.209203904,     -0.6771681706
          0,           0,         407,      -6.169718202,      -3.283072176,       -3.22018531,      -3.217678526,     -0.6913538626
          0,           0,         408,      -6.184538704,      -3.296733197,      -3.231265108,      -3.226901243,     -0.7064167801
          0,           0,         409,      -6.199904561,      -3.312502321,      -3.242947185,      -3.236788841,     -0.7220770981
          0,           0,         410,      -6.215468291,      -3.330253516,       -3.25506549,      -3.247245832,     -0.7379805851
          0,           0,         411,      -6.230816854,      -3.349785628,      -3.267435275,      -3.258165088,     -0.7537008515
          0,           0,         412,      -6.245505142,      -3.370788189,      -3.279855493,      -3.269425788,     -0.7687706682
          0,           0,         413,      -6.259105588,      -3.392801285,      -3.292110191,      -3.280889679,     -0.7827324815
          0,           0,         414,      -6.271250935,       -3.41518248,      -3.303968553,      -3.292394326,     -0.7951851985
          0,           0,         415,      -6.281662337,      -3.437097542,      -3.315188199,       -3.30374785,     -0.8058183498
          0,           0,         416,       -6.29017053,       -3.45755589,      -3.325526786,      -3.314730666,     -0.8144390563
          0,           0,         417,      -6.296726388,      -3.475502175,      -3.334763768,       -3.32510928,       -0.82098667
          0,           0,         418,      -6.301395311,      -3.489960391,      -3.342728133,      -3.334660199,     -0.8255284581
          0,           0,         419,      -6.304338778,      -3.500205372,       -3.34932447,      -3.343197562,      -0.828239456
          0,           0,         420,      -6.305794856,      -3.505911019,       -3.35455014,      -3.350597921,     -0.8293791906
          0,           0,         421,        -6.3060646,      -3.507217937,      -3.358498896,      -3.356817015,     -0.8292737021
          0,           0,         422,      -6.305496442,      -3.504688739,      -3.361348988,      -3.361895219,     -0.8282963902
          0,           0,         423,      -6.304460424,      -3.499170104,       -3.36333996,      -3.365949527,     -0.8268396939
          0,           0,         424,       -6.30331956,      -3.491622175,      -3.364746025,      -3.369156649,     -0.8252850028
          0,           0,         425,      -6.302413395,      -3.482983164,      -3.365854702,      -3.371734241,     -0.8239857604
          0,           0,         426,      -6.302047779,      -3.474089317,      -3.366947933,      -3.373921513,     -0.8232575308
          0,           0,         427,      -6.302482965,      -3.465635567,      -3.368284918,      -3.375959457,     -0.8233668899
          0,           0,         428,      -6.303927439,      -3.458168297,      -3.370091412,      -3.378075314,     -0.8245262594
          0,           0,         429,      -6.306538389,      -3.452098258,       -3.37255492,      -3.380472537,     -0.8268952412
          0,           0,         430,      -6.310425256,      -3.447722168,      -3.375823594,      -3.383325154,      -0.830584901
          0,           0,         431,      -6.315653985,      -3.445245978,       -3.38000718,      -3.386775172,     -0.8356625919
          0,           0,         432,      -6.322250527,      -3.444805955,      -3.385178775,      -3.390931788,     -0.8421558525
          0,           0,         433,      -6.330202948,      -3.446485951,      -3.391376625,      -3.395871593,     -0.8500546989
          0,           0,         434,      -6.339461764,      -3.450331342,      -3.398605541,      -3.401639296,     -0.8593119548
          0,           0,         435,       -6.34993838,      -3.456358096,      -3.406837721,      -3.408248692,      -0.869841587
          0,           0,         436,      -6.361501341,      -3.464558311,      -3.416013323,      -3.415683916,     -0.8815146187
          0,           0,         437,      -6.373971901,      -3.474903495,      -3.426040757,      -3.423901139,      -0.894154202
          0,           0,         438,      -6.387119229,      -3.487342845,       -3.43679774,      -3.432831278,      -0.907530155
          0,           0,         439,       -6.40065816,      -3.501796726,      -3.448133449,      -3.442383908,     -0.9213556581
          0,           0,         440,      -6.414252696,      -3.518143086,      -3.459872094,      -3.452452218,     -0.9352893813
          0,           0,         441,      -6.427528661,      -3.536195259,      -3.471818099,      -3.462917796,     -0.9489464992
          0,           0,         442,      -6.440097625,      -3.555671701,      -3.483761014,      -3.473652745,      -0.961921205
          0,           0,         443,         -6.451593,       -3.57616235,      -3.495479128,      -3.484517038,     -0.9738226328
          0,           0,         444,      -6.461710567,      -3.597099895,      -3.506742005,      -3.495352075,       -0.98431783
          0,           0,         445,      -6.470239998,      -3.617750698,      -3.517313231,      -3.505975544,      -0.993168151
          0,           0,         446,      -6.477077936,      -3.637240422,      -3.526960349,      -3.516182539,      -1.000247639
          0,           0,         447,      -6.482222796,       -3.65462632,      -3.535474108,      -3.525756537,      -1.005541491
          0,           0,         448,      -6.485758647,      -3.669013632,      -3.542694082,      -3.534489977,      -1.009131005
          0,           0,         449,      -6.487839396,      -3.679697965,      -3.548533978,      -3.542210214,      -1.011176265
          0,           0,         450,       -6.48867955,      -3.686297161,       -3.55299895,      -3.548804061,       -1.01190409
          0,           0,         451,      -6.488547738,      -3.688826859,       -3.55618939,      -3.554234968,       -1.01159878
          0,           0,         452,      -6.487754932,      -3.687688477,      -3.558290298,       -3.55854902,       -1.01058826
          0,           0,         453,      -6.486634751,      -3.683575436,      -3.559549426,      -3.561868562,      -1.009222885
          0,           0,         454,      -6.485518077,      -3.677334646,      -3.560249446,      -3.564375264,      -1.007848928
          0,           0,         455,      -6.484711043,      -3.669833019,      -3.560681778,      -3.566288311,      -1.006785721
          0,           0,         456,      -6.484487422,      -3.661868538,      -3.561128315,      -3.567845044,      -1.006317575
          0,           0,         457,      -6.485085826,      -3.654127403,      -3.561848346,      -3.569284687,      -1.006691118
          0,           0,         458,      -6.486703341,      -3.647168081,       -3.56306822,      -3.570833759,      -1.008109427
          0,           0,         459,      -6.489492451,        -3.6414242,      -3.564975977,      -3.572695566,      -1.010729574
          0,           0,         460,      -6.493562425,      -3.637219221,      -3.567720189,      -3.575044245,      -1.014664545
          0,           0,         461,      -6.498982433,      -3.634785591,       -3.57141108,      -3.578022106,      -1.019986736
          0,           0,         462,       -6.50578458,      -3.634283851,      -3.576122588,      -3.581738969,      -1.026731268
          0,           0,         463,      -6.513965906,      -3.635819434,       -3.58189445,      -3.586272582,      -1.034898125
          0,           0,         464,      -6.523488824,      -3.639456212,      -3.588733868,      -3.591669528,        -1.0444526
          0,           0,         465,      -6.534279698,      -3.645226528,      -3.596616544,      -3.597946325,      -1.055323757
          0,           0,         466,      -6.546225524,      -3.653138251,      -3.605487468,      -3.605090843,      -1.067400807
          0,           0,         467,      -6.559168885,      -3.663178486,      -3.615261353,      -3.613064149,      -1.080527604
          0,           0,         468,      -6.572901403,      -3.675312998,       -3.62582343,      -3.621803051,       -1.09449547
          0,           0,         469,      -6.587156596,      -3.689481275,      -3.637031276,      -3.631223755,      -1.109035075
          0,           0,         470,      -6.601604653,      -3.705584677,      -3.648717379,      -3.641225892,      -1.123809906
          0,           0,         471,      -6.615856779,      -3.723466984,      -3.660692284,      -3.651695284,      -1.138418781
          0,           0,         472,      -6.629492971,       -3.74288798,      -3.672748476,      -3.662504364,      -1.152421692
          0,           0,         473,      -6.642111785,      -3.763491526,      -3.684664541,       -3.67351072,      -1.165389494
          0,           0,         474,      -6.653375196,      -3.784772963,      -3.696207933,      -3.684553816,      -1.176952321
          0,           0,         475,      -6.663034105,      -3.806059688,      -3.707137995,      -3.695450605,      -1.186830975
          0,           0,         476,      -6.670941727,      -3.826522947,      -3.717214406,      -3.705994635,      -1.194856009
          0,           0,         477,      -6.677057118,      -3.845233102,        -3.7262144,      -3.715964381,       -1.20097514
          0,           0,         478,      -6.681436095,       -3.86126028,      -3.733957321,      -3.725142153,      -1.205245338
          0,           0,         479,      -6.684214408,      -3.873809042,      -3.740330674,      -3.733339343,       -1.20781432
          0,           0,         480,      -6.685593182,       -3.88235888,      -3.745310068,       -3.74042143,        -1.2089024
          0,           0,         481,      -6.685831084,      -3.886766204,      -3.748966897,      -3.746327092,      -1.208790693
          0,           0,         482,      -6.685235934,      -3.887288163,      -3.751461568,      -3.751077419,       -1.20780954
          0,           0,         483,      -6.684148488,      -3.884518765,      -3.753024723,      -3.754773349,      -1.206320219
          0,           0,         484,      -6.682918422,      -3.879264376,      -3.753931222,      -3.757581955,      -1.204689812
          0,           0,         485,      -6.681876885,      -3.872403272,      -3.754472265,      -3.759714909,      -1.203263308
          0,           0,         486,      -6.681318049,      -3.864773367,      -3.754933001,      -3.761406206,      -1.202345087
          0,           0,         487,      -6.681496465,      -3.857111829,      -3.755578979,      -3.762895166,      -1.202196605
          0,           0,         488,      -6.682626167,      -3.850032139,      -3.756646486,      -3.764412763,      -1.203036208
          0,           0,         489,      -6.684876847,      -3.844020392,      -3.758335498,      -3.766170027,      -1.205036217
          0,           0,         490,      -6.688373719,      -3.839445767,      -3.760807071,      -3.768350675,      -1.208323633
          0,           0,         491,      -6.693200194,      -3.836578293,       -3.76418373,      -3.771107441,      -1.212983419
          0,           0,         492,      -6.699400974,      -3.835608324,      -3.768551221,      -3.774560832,      -1.219062004
          0,           0,         493,      -6.706984322,      -3.836664546,       -3.77396057,      -3.778799208,      -1.226569798
          0,           0,         494,      -6.715922936,      -3.839829023,      -3.780429858,      -3.783879499,      -1.235482134
          0,           0,         495,       -6.72615309,      -3.845148849,      -3.787945455,       -3.78982823,       -1.24573836
          0,           0,         496,      -6.737571995,      -3.852644432,      -3.796462784,      -3.796642804,      -1.257238994
          0,           0,         497,      -6.750033525,      -3.862314489,      -3.805906888,      -3.804293217,      -1.269841114
          0,           0,         498,      -6.763343023,      -3.874137416,      -3.816173316,      -3.812724592,      -1.283352619
          0,           0,         499,      -6.777252646,      -3.888067858,      -3.827129945,      -3.821860875,       -1.29752675
          0,           0,         500,      -6.791459598,      -3.904026673,      -3.838620021,      -3.831609634,      -1.312059093
          0,           0,         501,      -6.805610191,      -3.921881987,      -3.850466243,      -3.841866859,       -1.32658993
          0,           0,         502,      -6.819313861,      -3.941420455,      -3.862474813,       -3.85251929,      -1.340716174
          0,           0,         503,      -6.832172263,      -3.962310942,      -3.874438023,      -3.863441887,      -1.354018901
          0,           0,         504,      -6.843820952,      -3.984066741,      -3.886134507,      -3.874490794,      -1.366105754
          0,           0,         505,      -6.853968776,      -4.006018283,      -3.897329037,      -3.885495453,      -1.376654174
          0,           0,         506,      -6.862423502,      -4.027314562,      -3.907777706,      -3.896255234,      -1.385442599
          0,           0,         507,      -6.869101737,      -4.046970202,       -3.91724341,      -3.906545828,      -1.392365533
          0,           0,         508,      -6.874023691,      -4.063965176,      -3.925520842,      -3.916137196,      -1.397431498
          0,           0,         509,      -6.877297612,      -4.077390009,      -3.932465016,      -3.924819507,      -1.400747981
          0,           0,         510,      -6.879103764,      -4.086608231,      -3.938015318,      -3.932430419,      -1.402503521
          0,           0,         511,      -6.879684881,      -4.091386245,      -3.942208124,      -3.938877455,      -1.402955147
          0,           0,         512,      -6.879337934,        -4.0919391,      -3.945174876,      -3.944151008,      -1.402417289
          0,           0,         513,      -6.878398627,      -4.088871503,      -3.947125794,      -3.948325216,      -1.401244065
          0,           0,         514,      -6.877216675,      -4.083039945,       -3.94832419,      -3.951546313,      -1.399802913
          0,           0,         515,      -6.876127685,       -4.07538997,      -3.949057616,      -3.954012005,       -1.39844526
          0,           0,         516,      -6.875437213,      -4.066827742,      -3.949615216,      -3.955950235,      -1.397489749
          0,           0,         517,      -6.875417758,       -4.05815091,      -3.950272399,      -3.957601741,      -1.397219025
          0,           0,         518,      -6.876302522,      -4.050019789,       -3.95127813,      -3.959203682,      -1.397873822
          0,           0,         519,      -6.878279207,      -4.042952711,      -3.952845618,      -3.960975919,      -1.399647447
          0,           0,         520,      -6.881489706,      -4.037339311,      -3.955149004,      -3.963112425,      -1.402686122
          0,           0,         521,       -6.88603306,      -4.033461443,      -3.958323309,      -3.965776798,      -1.407092456
          0,           0,         522,      -6.891969105,       -4.03151543,      -3.962466049,        -3.9691005,      -1.412929503
          0,           0,         523,      -6.899321521,      -4.031632217,      -3.967639352,      -3.973182665,      -1.420224066
          0,           0,         524,      -6.908079544,      -4.033893965,      -3.973871922,      -3.978090713,      -1.428968525
          0,           0,         525,      -6.918197947,      -4.038346744,      -3.981160501,      -3.983861326,      -1.439120794
          0,           0,         526,      -6.929595071,      -4.045009618,      -3.989470751,       -3.99050167,        -1.4506022
          0,           0,         527,      -6.942148916,      -4.053880229,      -3.998737845,      -3.997990944,      -1.463293267
          0,           0,         528,      -6.955691495,      -4.064936855,      -4.008867196,      -4.006282612,      -1.477027576
          0,           0,         529,      -6.970002098,      -4.078136155,      -4.019735862,      -4.015307687,      -1.491584303
          0,           0,         530,      -6.984800404,      -4.093404944,      -4.031194975,      -4.024979121,      -1.506680284
          0,           0,         531,      -6.999741538,      -4.110624032,      -4.043072944,      -4.035196177,      -1.521963616
          0,           0,         532,      -7.014421378,      -4.129603319,      -4.055178747,      -4.045846534,      -1.537016947
          0,           0,         533,      -7.028406791,      -4.150049451,      -4.067305201,      -4.056805011,      -1.551385749
          0,           0,         534,      -7.041286886,      -4.171528816,       -4.07923161,      -4.067929944,      -1.564629918
          0,           0,         535,      -7.052717287,      -4.193434379,       -4.09072505,      -4.079057989,      -1.576372153
          0,           0,         536,      -7.062446471,      -4.214974474,       -4.10154386,      -4.089999393,      -1.586330413
          0,           0,         537,      -7.070331228,      -4.235202979,      -4.111448915,      -4.100539436,      -1.594339084
          0,           0,         538,      -7.076341208,      -4.253101882,      -4.120224513,         -4.110451,      -1.600357261
          0,           0,         539,      -7.080549689,      -4.267713949,       -4.12770533,      -4.119517318,      -1.604460419
          0,           0,         540,       -7.08311578,      -4.278303561,      -4.133802115,      -4.127559065,      -1.606820676
          0,           0,         541,      -7.084268301,      -4.284501799,      -4.138518646,       -4.13445891,      -1.607686945
          0,           0,         542,       -7.08429539,       -4.28638186,      -4.141955036,      -4.140178314,      -1.607370529
          0,           0,         543,      -7.083532131,       -4.28443227,      -4.144296464,      -4.144763157,      -1.606229548
          0,           0,         544,      -7.082338425,      -4.279439593,      -4.145790302,      -4.148336595,      -1.604644714
          0,           0,         545,      -7.081069484,      -4.272328496,      -4.146717672,      -4.151081075,      -1.602988624
          0,           0,         546,      -7.080053854,      -4.264020048,      -4.147368818,      -4.153216888,      -1.601603234
          0,           0,         547,      -7.079585988,      -4.255345953,      -4.148025884,      -4.154983423,      -1.600792542
          0,           0,         548,      -7.079919817,      -4.247008166,      -4.148948421,      -4.156621727,       -1.60081679
          0,           0,         549,      -7.081261648,      -4.239566694,        -4.1503625,      -4.158359211,      -1.601886272
          0,           0,         550,      -7.083768917,      -4.233448119,      -4.152455719,      -4.160399482,      -1.604161004
          0,           0,         551,       -7.08755288,      -4.228964582,      -4.155376215,       -4.16291668,      -1.607754101
          0,           0,         552,      -7.092682407,      -4.226335794,      -4.159233821,      -4.166052971,      -1.612736105
          0,           0,         553,      -7.099187336,      -4.225709807,      -4.164102063,      -4.169917932,      -1.619138695
          0,           0,         554,      -7.107060586,      -4.227180618,      -4.170020173,      -4.174588926,      -1.626956971
          0,           0,         555,      -7.116258552,      -4.230801951,      -4.176994676,      -4.180111957,      -1.636149867
          0,           0,         556,      -7.126699627,      -4.236597317,      -4.185000383,      -4.186502739,      -1.646638544
          0,           0,         557,      -7.138260911,      -4.244566598,      -4.193980958,      -4.193747995,      -1.658302826
          0,           0,         558,      -7.150773524,      -4.254689292,      -4.203849372,      -4.201807223,      -1.670976064
          0,           0,         559,      -7.164017612,      -4.266923935,      -4.214488835,      -4.210615305,       -1.68443948
          0,           0,         560,       -7.17771909,      -4.281202523,      -4.225754783,      -4.220086301,      -1.698417927
          0,           0,         561,      -7.191551075,      -4.297418105,      -4.237478203,      -4.230118223,      -1.712579992
          0,           0,         562,      -7.205143304,      -4.315403804,      -4.249469997,      -4.240597483,      -1.726545739
          0,           0,         563,      -7.218103313,      -4.334903515,      -4.261525287,      -4.251400524,      -1.739906252
          0,           0,         564,      -7.230052056,      -4.355537953,      -4.273426355,      -4.262390679,      -1.752258741
          0,           0,         565,      -7.240666834,      -4.376773443,      -4.284943869,      -4.273411626,      -1.763251611
          0,           0,         566,      -7.249714997,      -4.397906206,      -4.295839097,      -4.284281771,       -1.77262299
          0,           0,         567,      -7.257069412,      -4.418079295,      -4.305872698,      -4.294794474,       -1.78022168
          0,           0,         568,       -7.26270682,       -4.43634478,      -4.314823195,      -4.304727873,      -1.786009563
          0,           0,         569,      -7.266694185,      -4.451772223,      -4.322512617,      -4.313864759,      -1.790049446
          0,           0,         570,      -7.269172032,      -4.463589655,      -4.328832952,      -4.322018367,      -1.792487266
          0,           0,         571,      -7.270343444,      -4.471324532,      -4.333765781,       -4.32905771,      -1.793538309
          0,           0,         572,      -7.270467974,      -4.474898095,      -4.337389076,      -4.334926499,      -1.793478134
          0,           0,         573,      -7.269851704,      -4.474634987,      -4.339869327,      -4.339651533,      -1.792630312
          0,           0,         574,      -7.268828969,      -4.471184172,      -4.341441605,      -4.343338787,      -1.791346501
          0,           0,         575,      -7.267736961,      -4.465383401,      -4.342382308,      -4.346158196,      -1.789979883
          0,           0,         576,      -7.266890937,      -4.458117139,      -4.342981776,      -4.348321972,      -1.788859507
          0,           0,         577,      -7.266573714,      -4.450214581,      -4.343524491,       -4.35006445,      -1.788279257
          0,           0,         578,      -7.267033753,      -4.442398021,      -4.344275455,      -4.351625565,      -1.788495961
          0,           0,         579,      -7.268479096,      -4.435261613,      -4.345468924,      -4.353235661,      -1.789723811
          0,           0,         580,      -7.271073177,      -4.429270729,      -4.347301759,      -4.355103866,      -1.792130849
          0,           0,         581,      -7.274935699,      -4.424775252,      -4.349931474,      -4.357411255,      -1.795840428
          0,           0,         582,      -7.280145634,      -4.422028635,       -4.35347693,       -4.36030754,      -1.800934657
          0,           0,         583,      -7.286744406,      -4.421207736,      -4.358020194,      -4.363910015,      -1.807457913
          0,           0,         584,      -7.294738156,      -4.422430525,      -4.363608615,      -4.368303728,        -1.8154193
          0,           0,         585,      -7.304098573,      -4.425770649,      -4.370256551,      -4.373542247,      -1.824793522
          0,           0,         586,      -7.314761918,      -4.431268496,      -4.377946529,      -4.379648713,      -1.835519831
          0,           0,         587,      -7.326626121,      -4.438938862,      -4.386629959,      -4.386617159,      -1.847498897
          0,           0,         588,      -7.339546053,      -4.448775293,      -4.396227695,      -4.394414288,       -1.86058769
          0,           0,         589,      -7.353327341,      -4.460750677,      -4.406630973,      -4.402982103,      -1.874592696
          0,           0,         590,      -7.367719521,      -4.474812915,      -4.417703213,      -4.412241696,      -1.889262194
          0,           0,         591,       -7.38240994,      -4.490873773,      -4.429282844,      -4.422097757,      -1.904278911
          0,           0,         592,      -7.397023156,      -4.508789308,      -4.441186655,      -4.432442152,      -1.919257657
          0,           0,         593,      -7.411138771,      -4.528332154,      -4.453213363,      -4.443154614,      -1.933760971
          0,           0,         594,      -7.424335755,      -4.549157447,      -4.465147203,      -4.454100613,      -1.947342344
          0,           0,         595,      -7.436242835,      -4.570766671,      -4.476760145,      -4.465127263,      -1.959598904
          0,           0,         596,      -7.446571671,      -4.592482464,      -4.487813714,      -4.476058036,      -1.970210023
          0,           0,         597,      -7.455135242,       -4.61345404,      -4.498065736,      -4.486690308,      -1.978961807
          0,           0,         598,      -7.461856397,      -4.632708816,      -4.507286289,      -4.496801899,      -1.985760456
          0,           0,         599,      -7.466763697,      -4.649255055,      -4.515282116,      -4.506169002,      -1.990630407
          0,           0,         600,      -7.469976086,      -4.662225839,      -4.521923804,      -4.514591724,      -1.993698353
          0,           0,         601,      -7.471685668,      -4.671034578,       -4.52716792,      -4.521920455,      -1.995172975
          0,           0,         602,      -7.472146502,      -4.675493389,      -4.531067505,      -4.528076889,      -1.995329759
          0,           0,         603,      -7.471665838,      -4.675847258,      -4.533767939,      -4.533065491,      -1.994498693
          0,           0,         604,       -7.47058872,      -4.672709463,      -4.535489672,      -4.536973022,      -1.993046336
          0,           0,         605,      -7.469273225,      -4.666926262,      -4.536502239,      -4.539956014,       -1.99134955
          0,           0,         606,      -7.468061551,      -4.659422137,      -4.537095737,      -4.542219603,       -1.98976581
          0,           0,         607,        -7.4672619,      -4.651078191,      -4.537558313,      -4.543995659,      -1.988614815
          0,           0,         608,      -7.467144854,      -4.642667626,      -4.538161699,      -4.545525409,      -1.988175129
          0,           0,         609,      -7.467939213,      -4.634830028,       -4.53914958,      -4.547044091,      -1.988680734
          0,           0,         610,      -7.469827056,      -4.628067983,      -4.540729507,      -4.548768167,      -1.990317013
          0,           0,         611,        -7.4729439,      -4.622759738,      -4.543069905,      -4.550887353,      -1.993221747
          0,           0,         612,      -7.477381766,      -4.619179153,       -4.54630029,      -4.553560577,      -1.997488799
          0,           0,         613,      -7.483192728,      -4.617517008,      -4.550512987,      -4.556914513,       -2.00317211
          0,           0,         614,      -7.490391664,      -4.617900315,       -4.55576527,      -4.561043552,      -2.010288713
          0,           0,         615,       -7.49895759,       -4.62040828,      -4.562081257,      -4.566010495,      -2.018820163
          0,           0,         616,      -7.508833249,      -4.625084531,      -4.569453273,      -4.571847555,      -2.028712091
          0,           0,         617,      -7.519922819,      -4.631945799,      -4.577842666,      -4.578557572,      -2.039871721
          0,           0,         618,      -7.532087911,      -4.640987238,      -4.587180325,      -4.586115558,      -2.052163549
          0,           0,         619,      -7.545142453,      -4.652184249,      -4.597367369,      -4.594470893,      -2.065403708
          0,           0,         620,      -7.558847792,      -4.665490005,      -4.608276566,      -4.603550573,      -2.079354301
          0,           0,         621,      -7.572910335,      -4.680827034,      -4.619754951,      -4.613263624,      -2.093719915
          0,           0,         622,      -7.586984547,      -4.698070784,       -4.63162763,      -4.623505941,      -2.108149081
          0,           0,         623,      -7.600685089,      -4.717024001,      -4.643701927,      -4.634163467,      -2.122244556
          0,           0,         624,      -7.613613303,       -4.73738342,      -4.655770655,      -4.645111122,      -2.135588249
          0,           0,         625,      -7.625398172,      -4.758703909,      -4.667613405,      -4.656207116,      -2.147782515
          0,           0,         626,      -7.635737987,      -4.780369703,      -4.678996823,      -4.667285664,      -2.158495209
          0,           0,         627,      -7.644427943,      -4.801589011,      -4.689678563,      -4.678152854,      -2.167492715
          0,           0,         628,      -7.651370853,      -4.821429254,      -4.699420283,      -4.688590588,      -2.174655898
          0,           0,         629,      -7.656572675,      -4.838901881,      -4.708010284,      -4.698371397,      -2.179978977
          0,           0,         630,      -7.660127589,      -4.853092665,      -4.715291104,      -4.707282212,       -2.18355526
          0,           0,         631,      -7.662201894,      -4.863315459,       -4.72118463,      -4.715151277,      -2.185559261
          0,           0,         632,      -7.663024231,      -4.869246673,      -4.725707438,      -4.721871755,      -2.186233879
          0,           0,         633,      -7.662878463,      -4.870990284,      -4.728971855,      -4.727416996,      -2.185880354
          0,           0,         634,       -7.66209021,       -4.86904542,      -4.731172803,      -4.731844186,      -2.184842575
          0,           0,         635,      -7.661004227,      -4.864190415,      -4.732563964,       -4.73528547,      -2.183482887
          0,           0,         636,      -7.659956498,      -4.857329271,      -4.733429146,      -4.737928985,      -2.182153035
          0,           0,         637,      -7.659255046,      -4.849357435,      -4.734057935,      -4.739997296,       -2.18117416
          0,           0,         638,      -7.659175602,      -4.841081906,      -4.734729309,      -4.741729269,      -2.180832179
