"Time_Iter","Outer_Iter","Inner_Iter",    "rms[Rho]"    ,    "rms[RhoU]"   ,    "rms[RhoV]"   ,    "rms[RhoW]"   ,    "rms[RhoE]"   ,     "rms[nu]"    
          0,           0,           0,      -4.875196878,       -9.67238369,       -16.0478077,       -10.9443717,      -4.268030877,      -10.91762352
          0,           0,           1,      -5.188488839,      -5.081291911,      -5.487936936,      -4.845371525,      -4.550479186,      -11.60766396
          0,           0,           2,      -5.195247167,      -5.017759771,      -5.137936891,       -5.01373179,      -4.558229587,      -11.59912784
          0,           0,           3,      -5.141559627,      -5.013197155,      -4.976640616,      -4.875010393,      -4.517042789,      -11.51888131
          0,           0,           4,      -5.056568191,      -4.984481337,      -4.905739308,      -4.809927488,        -4.4412626,      -11.49133036
          0,           0,           5,      -5.021486532,      -4.990655661,      -4.889788385,      -4.810437854,      -4.412155055,      -11.48424044
          0,           0,           6,      -5.008175857,      -5.029299608,      -4.906191781,      -4.845534282,      -4.402048833,      -11.47231969
          0,           0,           7,      -4.989310868,      -5.083014371,      -4.936479892,      -4.884996506,      -4.385610497,      -11.46271374
          0,           0,           8,      -4.971708955,      -5.129136735,      -4.972332575,      -4.920143866,      -4.370224038,      -11.46560109
          0,           0,           9,      -4.965491035,      -5.139669868,      -5.012174933,      -4.958307441,      -4.361787965,      -11.48253247
          0,           0,          10,      -4.973123086,      -5.120104849,      -5.057468423,      -5.000794066,      -4.362439734,      -11.50869725
          0,           0,          11,      -4.992360193,      -5.109296226,      -5.112061581,      -5.047332471,      -4.376480633,      -11.53810045
          0,           0,          12,      -5.019020924,      -5.128328695,      -5.175792615,      -5.101641875,      -4.405030664,      -11.56870734
          0,           0,          13,      -5.050382645,      -5.173883047,      -5.241962265,      -5.164731531,      -4.443291689,      -11.60039252
          0,           0,          14,      -5.086016064,      -5.229447797,      -5.302744763,      -5.228870466,      -4.483883704,      -11.63405696
          0,           0,          15,      -5.125724598,      -5.278426459,      -5.356841857,      -5.284425699,      -4.522381685,      -11.67014797
          0,           0,          16,      -5.168271954,      -5.318607723,      -5.409662804,      -5.331882011,      -4.559721421,      -11.70755049
          0,           0,          17,      -5.212260755,      -5.360097057,      -5.466574468,      -5.380673872,       -4.59942064,      -11.74173552
          0,           0,          18,      -5.257354658,      -5.411063909,      -5.528684102,      -5.438209236,        -4.6437721,      -11.76480405
          0,           0,          19,      -5.304219471,      -5.471401441,      -5.593056125,      -5.504276126,      -4.692590669,      -11.76835911
          0,           0,          20,      -5.353440969,      -5.535067445,      -5.655564229,      -5.572620118,      -4.744036418,      -11.74765994
          0,           0,          21,      -5.404825604,      -5.596023733,      -5.714141585,      -5.635618606,      -4.796182925,      -11.70361133
          0,           0,          22,      -5.457445603,      -5.653275215,       -5.76978943,       -5.68959282,      -4.848038196,      -11.64311373
          0,           0,          23,      -5.510095513,      -5.710025546,      -5.824469133,      -5.736694649,      -4.899474034,      -11.57452405
          0,           0,          24,      -5.561816881,      -5.768704619,      -5.879287604,      -5.781643742,      -4.950591093,      -11.50424039
          0,           0,          25,      -5.612165276,      -5.827813222,      -5.934112269,       -5.82792655,       -5.00124256,      -11.43725635
          0,           0,          26,       -5.66125346,       -5.88293871,      -5.988421236,        -5.8767535,      -5.051126782,      -11.37653274
          0,           0,          27,      -5.709596982,      -5.930696673,      -6.042232967,      -5.927593889,      -5.100142976,      -11.32389917
          0,           0,          28,      -5.757842228,      -5.971865006,      -6.096022742,      -5.979348133,      -5.148564728,      -11.28003968
          0,           0,          29,      -5.806503461,      -6.010548192,      -6.150021888,      -6.031150432,      -5.196890058,      -11.24546986
          0,           0,          30,      -5.855912274,      -6.051004128,      -6.203692216,      -6.082577139,      -5.245654119,      -11.22024812
          0,           0,          31,      -5.906225697,      -6.095653017,      -6.255867906,      -6.133291823,      -5.295261036,      -11.20439397
          0,           0,          32,      -5.957442511,      -6.144996092,      -6.305677727,      -6.182857234,      -5.345902466,      -11.19752278
          0,           0,          33,      -6.009419567,      -6.198207045,      -6.353205592,      -6.230770125,       -5.39755503,      -11.19762127
          0,           0,          34,      -6.061878654,      -6.253880153,      -6.399617111,      -6.276985621,      -5.450003243,      -11.20323123
          0,           0,          35,      -6.114404012,      -6.310560122,      -6.446439262,      -6.321983521,      -5.502841107,      -11.21305138
          0,           0,          36,      -6.166521016,      -6.366990409,      -6.494662568,      -6.366671128,      -5.555525116,      -11.22651948
          0,           0,          37,      -6.217850811,      -6.422170211,      -6.544105966,      -6.411995793,      -5.607515814,      -11.24406102
          0,           0,          38,      -6.268342127,      -6.475389775,      -6.593495818,       -6.45859341,      -5.658546842,      -11.26583088
          0,           0,          39,      -6.318317153,      -6.526180872,      -6.641131967,      -6.506446337,      -5.708751738,      -11.29192413
          0,           0,          40,      -6.368384228,      -6.574266643,      -6.685762597,      -6.554917806,      -5.758660475,       -11.3217398
          0,           0,          41,      -6.419207492,      -6.619495549,      -6.727506827,      -6.603152967,      -5.809001225,      -11.35389734
          0,           0,          42,      -6.471210241,      -6.661802783,      -6.767910594,       -6.65047141,      -5.860378497,       -11.3865069
          0,           0,          43,      -6.524366267,      -6.701178227,       -6.80928981,      -6.696786029,      -5.912996514,      -11.41732044
          0,           0,          44,      -6.578171451,      -6.737657219,      -6.853844702,      -6.742623128,      -5.966548495,      -11.44457848
          0,           0,          45,      -6.631818347,      -6.771319724,      -6.902954607,      -6.788876264,      -6.020328636,      -11.46722742
          0,           0,          46,      -6.684533759,      -6.802213845,      -6.956757471,      -6.836316928,      -6.073545759,      -11.48476285
          0,           0,          47,      -6.735905667,      -6.830268101,      -7.013820704,      -6.885031669,      -6.125685989,       -11.4972724
          0,           0,          48,       -6.78597393,      -6.855134042,      -7.070925588,      -6.934073412,      -6.176686427,      -11.50507126
          0,           0,          49,      -6.835104334,      -6.876132843,      -7.123286823,      -6.981437085,      -6.226885513,      -11.50884752
          0,           0,          50,      -6.883650735,      -6.892407357,      -7.165865647,      -7.024487413,      -6.276706502,      -11.50940839
          0,           0,          51,      -6.931654701,      -6.903151634,       -7.19560334,      -7.060827005,      -6.326318307,      -11.50741831
          0,           0,          52,      -6.978640605,      -6.907921992,        -7.2129134,      -7.089248749,      -6.375367613,      -11.50349045
          0,           0,          53,      -7.023618183,      -6.906865072,      -7.220882644,      -7.110075253,       -6.42291559,      -11.49815508
          0,           0,          54,      -7.065274585,      -6.900739409,      -7.223124548,      -7.124657296,      -6.467584637,      -11.49193623
          0,           0,          55,      -7.102294259,      -6.890749825,      -7.222337124,      -7.134538686,      -6.507868644,      -11.48526943
          0,           0,          56,      -7.133711282,      -6.878256908,      -7.220068225,       -7.14094923,      -6.542530163,      -11.47848788
          0,           0,          57,      -7.159155096,      -6.864521997,      -7.217109258,      -7.144754328,      -6.570927331,      -11.47183254
          0,           0,          58,      -7.178867045,      -6.850551453,      -7.213941165,      -7.146647514,      -6.593103364,      -11.46547265
          0,           0,          59,        -7.1935526,      -6.837064025,      -7.210999068,      -7.147331349,      -6.609673437,       -11.4595697
          0,           0,          60,      -7.204171009,      -6.824518471,      -7.208758881,      -7.147570329,      -6.621611074,      -11.45427477
          0,           0,          61,      -7.211710405,      -6.813175095,      -7.207709413,      -7.148123622,       -6.62999328,       -11.4497034
          0,           0,          62,      -7.217041196,      -6.803147917,      -7.208289304,      -7.149660624,      -6.635815965,      -11.44591355
          0,           0,          63,      -7.220863889,      -6.794467116,      -7.210848011,      -7.152678564,       -6.63990824,      -11.44291566
          0,           0,          64,      -7.223704723,      -6.787112727,      -7.215627809,       -7.15748092,      -6.642901997,      -11.44069491
          0,           0,          65,      -7.225942973,      -6.781039061,      -7.222779186,      -7.164201144,      -6.645245544,       -11.4392211
          0,           0,          66,      -7.227855006,       -6.77619021,      -7.232384041,      -7.172845254,      -6.647248055,      -11.43846122
          0,           0,          67,      -7.229646109,      -6.772503202,      -7.244480179,      -7.183341082,      -6.649119217,      -11.43837922
          0,           0,          68,      -7.231473395,      -6.769914314,      -7.259076605,      -7.195570674,      -6.651004318,      -11.43894523
          0,           0,          69,       -7.23345455,      -6.768361504,      -7.276156769,      -7.209389727,      -6.653003004,      -11.44013293
          0,           0,          70,      -7.235694416,      -6.767789056,       -7.29567187,      -7.224636611,      -6.655206123,      -11.44184668
          0,           0,          71,      -7.238275063,      -6.768146473,      -7.317527362,      -7.241119807,      -6.657687357,       -11.4440477
          0,           0,          72,       -7.24126547,      -6.769389535,      -7.341571364,      -7.258617688,      -6.660513806,      -11.44674319
          0,           0,          73,      -7.244718281,      -6.771478887,       -7.36758378,      -7.276876283,         -6.663741,      -11.44993936
          0,           0,          74,      -7.248673474,      -6.774378879,       -7.39526959,      -7.295610768,      -6.667415206,      -11.45362279
          0,           0,          75,      -7.253160629,        -6.7780551,      -7.424256826,      -7.314516968,      -6.671574403,      -11.45779169
          0,           0,          76,      -7.258201504,      -6.782475519,      -7.454103352,      -7.333293942,      -6.676250132,      -11.46233142
          0,           0,          77,      -7.263805954,       -6.78760567,      -7.484310567,      -7.351654851,      -6.681462385,      -11.46726117
          0,           0,          78,      -7.269980352,      -6.793412099,      -7.514345695,      -7.369374984,      -6.687228601,      -11.47250484
          0,           0,          79,      -7.276732795,       -6.79986086,      -7.543672469,      -7.386301656,      -6.693569713,      -11.47800147
          0,           0,          80,      -7.284058437,      -6.806920652,      -7.571785386,      -7.402368017,      -6.700493249,      -11.48381648
          0,           0,          81,      -7.291936997,      -6.814552594,      -7.598235948,      -7.417587284,      -6.707989648,      -11.49002399
          0,           0,          82,      -7.300341934,      -6.822720707,       -7.62264813,      -7.432035767,      -6.716041907,      -11.49665172
          0,           0,          83,      -7.309241233,      -6.831389886,      -7.644710413,      -7.445819311,      -6.724626013,      -11.50367302
          0,           0,          84,      -7.318596273,      -6.840525518,      -7.664148512,      -7.459036907,        -6.7337092,      -11.51105499
          0,           0,          85,      -7.328368783,      -6.850093546,      -7.680691052,      -7.471748447,      -6.743257609,      -11.51874024
          0,           0,          86,      -7.338515029,      -6.860059927,      -7.694040516,      -7.483945329,      -6.753229723,        -11.526713
          0,           0,          87,      -7.348988093,      -6.870390942,      -7.703867876,      -7.495530969,      -6.763578987,      -11.53494806
          0,           0,          88,      -7.359742549,      -6.881053137,       -7.70984548,      -7.506317657,       -6.77425928,      -11.54341641
          0,           0,          89,      -7.370730245,      -6.892014051,      -7.711712658,      -7.516032188,      -6.785220348,      -11.55209722
          0,           0,          90,      -7.381904144,       -6.90324284,      -7.709360329,      -7.524342203,      -6.796411867,      -11.56100324
          0,           0,          91,      -7.393220433,       -6.91471126,       -7.70289992,       -7.53089825,      -6.807785854,      -11.57013768
          0,           0,          92,       -7.40463805,      -6.926393364,      -7.692677256,      -7.535381582,      -6.819296303,      -11.57948741
          0,           0,          93,      -7.416117285,      -6.938261544,      -7.679260197,      -7.537549077,      -6.830897764,      -11.58902522
          0,           0,          94,      -7.427620867,      -6.950290245,      -7.663358114,      -7.537291938,      -6.842547143,      -11.59872543
          0,           0,          95,       -7.43911608,      -6.962454957,      -7.645721112,      -7.534650802,      -6.854205858,      -11.60856469
          0,           0,          96,      -7.450570099,      -6.974732929,      -7.627062035,      -7.529812022,      -6.865834697,      -11.61852716
          0,           0,          97,      -7.461964963,      -6.987103208,      -7.608006146,      -7.523083056,      -6.877410917,      -11.62859772
          0,           0,          98,        -7.4732828,      -6.999546984,      -7.589064916,      -7.514842674,      -6.888912229,      -11.63876289
          0,           0,          99,      -7.484509296,      -7.012047727,      -7.570633875,      -7.505499568,      -6.900320587,      -11.64901286
          0,           0,         100,      -7.495632685,      -7.024590259,      -7.553002457,      -7.495450798,      -6.911620919,      -11.65933892
          0,           0,         101,      -7.506645221,       -7.03716221,      -7.536369911,      -7.485058238,      -6.922802764,      -11.66973682
          0,           0,         102,      -7.517542001,      -7.049752157,      -7.520859101,      -7.474623149,       -6.93385916,      -11.68019596
          0,           0,         103,      -7.528322525,       -7.06235219,      -7.506539379,      -7.464394082,      -6.944788351,      -11.69071132
          0,           0,         104,      -7.538982563,      -7.074950527,      -7.493438231,      -7.454561951,       -6.95558506,      -11.70127813
          0,           0,         105,      -7.549523456,       -7.08753833,      -7.481554161,      -7.445266411,      -6.966250557,      -11.71189015
          0,           0,         106,      -7.559948062,      -7.100109512,      -7.470863192,      -7.436603781,      -6.976788192,      -11.72254155
          0,           0,         107,      -7.570260765,      -7.112659101,      -7.461327342,      -7.428636862,      -6.987203283,      -11.73322643
          0,           0,         108,      -7.580466649,      -7.125185019,      -7.452894773,      -7.421402345,      -6.997501992,      -11.74393903
          0,           0,         109,        -7.5905703,      -7.137683631,      -7.445505796,      -7.414912233,      -7.007689978,      -11.75467466
          0,           0,         110,      -7.600577715,      -7.150150583,      -7.439103858,      -7.409164508,      -7.017774559,      -11.76542919
          0,           0,         111,      -7.610496853,      -7.162584707,      -7.433635327,      -7.404149232,      -7.027765358,      -11.77619892
          0,           0,         112,      -7.620336219,      -7.174986062,      -7.429046521,      -7.399848292,       -7.03767254,      -11.78698041
          0,           0,         113,      -7.630102929,      -7.187353868,      -7.425283536,      -7.396237258,      -7.047504586,      -11.79777237
          0,           0,         114,      -7.639801701,        -7.1996862,      -7.422292778,      -7.393287999,      -7.057267489,      -11.80857346
          0,           0,         115,      -7.649437512,      -7.211981389,      -7.420022141,      -7.390969954,      -7.066967613,      -11.81938194
          0,           0,         116,      -7.659016564,      -7.224238537,      -7.418422104,       -7.38925178,      -7.076612509,      -11.83019638
          0,           0,         117,      -7.668544331,      -7.236458124,      -7.417446348,       -7.38810215,      -7.086208692,      -11.84101547
          0,           0,         118,      -7.678023784,      -7.248640769,      -7.417051783,      -7.387489939,      -7.095759681,      -11.85183789
          0,           0,         119,        -7.6874633,      -7.260787128,       -7.41719817,      -7.387385118,      -7.105275349,      -11.86266221
          0,           0,         120,      -7.696870993,      -7.272898042,      -7.417847691,      -7.387757878,      -7.114764943,      -11.87348709
          0,           0,         121,       -7.70625079,      -7.284974863,      -7.418964913,      -7.388579527,      -7.124232955,      -11.88431167
          0,           0,         122,      -7.715606043,      -7.297018208,      -7.420516695,      -7.389822779,      -7.133683359,      -11.89513557
          0,           0,         123,      -7.724939614,      -7.309028486,      -7.422472137,       -7.39146156,      -7.143119492,      -11.90595874
          0,           0,         124,       -7.73425364,      -7.321006218,      -7.424802542,      -7.393470968,      -7.152543787,       -11.9167815
          0,           0,         125,      -7.743551794,      -7.332952936,      -7.427481301,      -7.395827163,      -7.161960275,      -11.92760427
          0,           0,         126,      -7.752835497,      -7.344869273,      -7.430483366,      -7.398507452,      -7.171370589,      -11.93842748
          0,           0,         127,      -7.762105977,      -7.356755653,       -7.43378515,       -7.40149027,      -7.180776133,      -11.94925151
          0,           0,         128,      -7.771363792,      -7.368612701,       -7.43736462,      -7.404755105,       -7.19017759,      -11.96007947
          0,           0,         129,      -7.780610336,      -7.380441487,      -7.441201104,      -7.408282703,      -7.199576413,      -11.97091112
          0,           0,         130,       -7.78984614,       -7.39224294,      -7.445274849,      -7.412055171,      -7.208973174,      -11.98174296
          0,           0,         131,      -7.799070625,      -7.404016931,      -7.449567545,      -7.416055134,      -7.218367178,      -11.99257832
          0,           0,         132,      -7.808285927,      -7.415765457,      -7.454064269,      -7.420267494,       -7.22776045,      -12.00341806
          0,           0,         133,      -7.817490687,      -7.427489746,       -7.45875095,      -7.424677884,      -7.237151127,      -12.01426354
          0,           0,         134,      -7.826687224,      -7.439191107,      -7.463614492,      -7.429273038,      -7.246541561,      -12.02511653
          0,           0,         135,      -7.835875071,      -7.450869026,      -7.468642778,      -7.434040691,      -7.255931145,      -12.03597812
          0,           0,         136,      -7.845054224,      -7.462524209,      -7.473824693,      -7.438969613,      -7.265319676,      -12.04685267
          0,           0,         137,      -7.854224101,      -7.474157095,      -7.479150184,      -7.444049565,      -7.274706406,      -12.05773594
          0,           0,         138,      -7.863384497,      -7.485768364,      -7.484610368,      -7.449271355,       -7.28409093,       -12.0686304
          0,           0,         139,      -7.872536114,      -7.497359115,      -7.490197392,       -7.45462677,      -7.293473774,      -12.07953761
          0,           0,         140,       -7.88167941,      -7.508930582,      -7.495904232,      -7.460108415,      -7.302855137,      -12.09045846
          0,           0,         141,       -7.89081381,       -7.52048387,      -7.501724633,      -7.465709639,      -7.312233926,      -12.10139392
          0,           0,         142,      -7.899939756,      -7.532019605,       -7.50765299,       -7.47142451,      -7.321610381,       -12.1123451
          0,           0,         143,      -7.909055504,      -7.543537571,      -7.513683827,      -7.477247027,      -7.330982348,      -12.12331292
          0,           0,         144,      -7.918159555,      -7.555037049,      -7.519812021,      -7.483171609,      -7.340347757,      -12.13429843
          0,           0,         145,      -7.927251453,      -7.566517656,      -7.526033129,      -7.489193369,      -7.349705775,      -12.14530274
          0,           0,         146,      -7.936322691,      -7.577979321,       -7.53234342,      -7.495307832,      -7.359046263,      -12.15632675
          0,           0,         147,        -7.9453814,      -7.589421268,      -7.538738998,      -7.501511463,      -7.368378595,      -12.16737109
          0,           0,         148,       -7.95443488,      -7.600843496,      -7.545215915,       -7.50779974,      -7.377711011,      -12.17843634
          0,           0,         149,      -7.963486452,      -7.612247663,      -7.551770662,      -7.514168373,      -7.387047071,      -12.18952298
          0,           0,         150,      -7.972538526,      -7.623635907,      -7.558399863,      -7.520614582,      -7.396389881,      -12.20063126
          0,           0,         151,      -7.981590206,      -7.635009264,      -7.565099912,      -7.527135361,        -7.4057391,       -12.2117608
          0,           0,         152,      -7.990638825,      -7.646368441,      -7.571867453,      -7.533728007,      -7.415092094,      -12.22291069
          0,           0,         153,       -7.99968256,      -7.657714343,      -7.578699274,      -7.540389645,      -7.424446692,      -12.23407956
          0,           0,         154,      -8.008721069,      -7.669048552,      -7.585592525,      -7.547117304,      -7.433802302,        -12.245266
          0,           0,         155,      -8.017755403,      -7.680373235,      -7.592544651,       -7.55390814,      -7.443159898,      -12.25646879
          0,           0,         156,      -8.026786941,      -7.691690447,      -7.599553296,      -7.560759491,      -7.452520796,      -12.26768713
          0,           0,         157,      -8.035816638,      -7.703001703,      -7.606616229,       -7.56766877,      -7.461885738,      -12.27892172
          0,           0,         158,      -8.044843543,      -7.714308172,      -7.613731408,      -7.574633429,      -7.471253302,      -12.29017281
          0,           0,         159,      -8.053862864,      -7.725610875,      -7.620897088,      -7.581650945,      -7.480617372,       -12.3014367
          0,           0,         160,      -8.062878737,      -7.736909815,      -7.628112007,      -7.588719352,      -7.489983199,        -12.312716
          0,           0,         161,      -8.071891196,      -7.748202999,      -7.635374537,      -7.595836077,      -7.499351157,      -12.32401123
          0,           0,         162,        -8.0808996,      -7.759488965,       -7.64268287,      -7.602998616,      -7.508720399,      -12.33532474
          0,           0,         163,      -8.089904601,      -7.770767357,      -7.650035212,      -7.610204714,      -7.518091744,      -12.34665801
          0,           0,         164,      -8.098906726,       -7.78203908,      -7.657429789,      -7.617452241,       -7.52746591,      -12.35800291
          0,           0,         165,      -8.107906748,      -7.793305663,      -7.664864907,      -7.624739388,       -7.53684379,      -12.36937636
          0,           0,         166,      -8.116904976,      -7.804569191,      -7.672338818,      -7.632064468,      -7.546225639,      -12.38075513
          0,           0,         167,      -8.125900657,      -7.815830569,      -7.679849544,       -7.63942568,      -7.555610436,        -12.392149
          0,           0,         168,      -8.134892907,      -7.827091215,      -7.687394794,      -7.646820937,      -7.564996941,      -12.40355791
          0,           0,         169,      -8.143879741,      -7.838349103,      -7.694971945,      -7.654247644,      -7.574382992,      -12.41498186
          0,           0,         170,      -8.152860014,      -7.849603719,       -7.70257816,      -7.661702984,      -7.583767137,      -12.42642091
          0,           0,         171,      -8.161832466,      -7.860854076,      -7.710210499,      -7.669184016,      -7.593147969,        -12.437875
          0,           0,         172,      -8.170795667,      -7.872099077,      -7.717866092,      -7.676687851,      -7.602523939,      -12.44934396
          0,           0,         173,      -8.179748544,      -7.883337853,       -7.72554226,      -7.684211779,      -7.611893879,      -12.46082753
          0,           0,         174,       -8.18869032,      -7.894569896,      -7.733236554,       -7.69175329,      -7.621256872,      -12.47232563
          0,           0,         175,      -8.197620399,      -7.905795008,      -7.740946726,       -7.69931004,      -7.630612118,      -12.48383778
          0,           0,         176,      -8.206538243,       -7.91701321,      -7.748670686,      -7.706879819,      -7.639958842,      -12.49536399
          0,           0,         177,      -8.215443255,      -7.928224596,      -7.756406469,      -7.714460544,      -7.649296151,      -12.50690371
          0,           0,         178,       -8.22433443,      -7.939429068,      -7.764152202,      -7.722050245,      -7.658622642,      -12.51845713
          0,           0,         179,      -8.233210909,      -7.950626461,      -7.771906124,      -7.729647103,      -7.667937125,      -12.53002432
          0,           0,         180,      -8.242072207,       -7.96181648,      -7.779666635,      -7.737249536,      -7.677238829,      -12.54160545
          0,           0,         181,      -8.250916005,      -7.972999353,      -7.787432288,      -7.744856137,      -7.686524632,      -12.55320082
          0,           0,         182,      -8.259743436,       -7.98417392,      -7.795201825,      -7.752465736,      -7.695795931,      -12.56481067
          0,           0,         183,      -8.268554932,      -7.995339112,      -7.802974035,       -7.76007722,      -7.705053347,      -12.57643507
          0,           0,         184,      -8.277350088,      -8.006494004,      -7.810747667,      -7.767689517,      -7.714296384,      -12.58807383
          0,           0,         185,      -8.286128555,      -8.017637994,      -7.818521444,      -7.775301578,      -7.723524583,      -12.59972671
          0,           0,         186,      -8.294890015,       -8.02877088,      -7.826294099,      -7.782912358,      -7.732737513,      -12.61139339
          0,           0,         187,      -8.303634142,      -8.039892749,      -7.834064407,      -7.790520828,      -7.741934704,      -12.62307362
          0,           0,         188,      -8.312360619,      -8.051003931,      -7.841831207,      -7.798126001,      -7.751115631,      -12.63476728
          0,           0,         189,       -8.32106915,      -8.062104836,      -7.849593411,       -7.80572694,      -7.760279742,      -12.64647437
          0,           0,         190,      -8.329759454,      -8.073195813,       -7.85735001,      -7.813322759,      -7.769426486,      -12.65819527
          0,           0,         191,      -8.338431064,      -8.084277043,      -7.865100102,      -7.820912648,      -7.778555074,      -12.66993056
          0,           0,         192,       -8.34708361,      -8.095348616,      -7.872842945,      -7.828495927,      -7.787664869,      -12.68168045
          0,           0,         193,      -8.355717046,      -8.106410462,      -7.880577948,      -7.836072049,      -7.796755682,       -12.6934447
          0,           0,         194,       -8.36433144,      -8.117462352,      -7.888304675,      -7.843640602,      -7.805827472,      -12.70522287
          0,           0,         195,      -8.372926774,      -8.128503995,      -7.896022833,      -7.851201312,      -7.814880116,       -12.7170146
          0,           0,         196,      -8.381502992,       -8.13953515,      -7.903732279,      -7.858754044,      -7.823913459,      -12.72881974
          0,           0,         197,      -8.390060002,      -8.150555638,      -7.911433009,      -7.866298817,       -7.83292731,      -12.74063826
          0,           0,         198,      -8.398597722,      -8.161565271,      -7.919125141,      -7.873835782,      -7.841921487,      -12.75247022
          0,           0,         199,      -8.407116135,      -8.172563858,      -7.926808874,      -7.881365183,      -7.850895898,      -12.76431589
          0,           0,         200,      -8.415615229,      -8.183551149,      -7.934484437,      -7.888887273,      -7.859850471,      -12.77617545
          0,           0,         201,      -8.424094993,       -8.19452686,      -7.942152039,      -7.896402265,      -7.868785141,      -12.78804896
          0,           0,         202,      -8.432555248,      -8.205490651,      -7.949811868,      -7.903910323,      -7.877699619,      -12.79993647
          0,           0,         203,      -8.440995003,      -8.216441936,      -7.957464093,      -7.911411583,      -7.886592464,      -12.81183814
          0,           0,         204,      -8.449416299,      -8.227380277,      -7.965108763,      -7.918906426,      -7.895466381,      -12.82375398
          0,           0,         205,      -8.457818106,       -8.23830516,      -7.972745961,      -7.926394676,      -7.904319976,      -12.83568374
          0,           0,         206,      -8.466201237,      -8.249216527,      -7.980375837,      -7.933876437,      -7.913154219,      -12.84762733
          0,           0,         207,      -8.474566084,      -8.260114459,      -7.987998612,      -7.941352035,      -7.921969757,      -12.85958464
          0,           0,         208,      -8.482912409,      -8.270998897,      -7.995614569,      -7.948821841,      -7.930766478,      -12.87155576
          0,           0,         209,      -8.491239899,      -8.281869574,      -8.003223988,       -7.95628612,      -7.939544055,      -12.88354088
          0,           0,         210,      -8.499548499,      -8.292726221,      -8.010827104,      -7.963744999,      -7.948302339,       -12.8955402
          0,           0,         211,      -8.507840088,      -8.303570418,      -8.018424067,      -7.971198612,      -7.957042912,      -12.90755369
          0,           0,         212,       -8.51611321,       -8.31440088,      -8.026013722,      -7.978646789,      -7.965764499,      -12.91958069
          0,           0,         213,      -8.524368062,      -8.325217101,      -8.033597462,      -7.986089841,      -7.974467401,      -12.93162134
          0,           0,         214,      -8.532604737,      -8.336019032,      -8.041175622,      -7.993527742,      -7.983151488,      -12.94367534
          0,           0,         215,       -8.54082323,      -8.346806296,      -8.048748315,      -8.000960554,      -7.991816764,      -12.95574459
          0,           0,         216,      -8.549023654,      -8.357578728,      -8.056315513,      -8.008388415,      -8.000463387,      -12.96782957
          0,           0,         217,      -8.557206007,      -8.368335884,      -8.063877168,      -8.015811476,      -8.009091396,      -12.97992723
          0,           0,         218,      -8.565370315,      -8.379077364,      -8.071433295,      -8.023229883,      -8.017700857,      -12.99203506
          0,           0,         219,      -8.573516502,      -8.389802643,      -8.078983976,      -8.030643783,      -8.026291743,      -13.00415641
          0,           0,         220,      -8.581644523,      -8.400511245,      -8.086529343,       -8.03805335,      -8.034864051,      -13.01629058
          0,           0,         221,      -8.589754456,      -8.411202799,      -8.094069574,      -8.045458802,      -8.043417905,      -13.02843731
          0,           0,         222,      -8.597846484,       -8.42187702,      -8.101604903,      -8.052860413,      -8.051953549,      -13.04059683
          0,           0,         223,      -8.605920856,      -8.432533721,      -8.109135614,      -8.060258512,      -8.060471309,      -13.05276929
          0,           0,         224,      -8.613977839,       -8.44317266,      -8.116662006,      -8.067653445,      -8.068971543,      -13.06495472
          0,           0,         225,      -8.622017693,      -8.453793685,       -8.12418438,      -8.075045555,       -8.07745461,      -13.07715328
          0,           0,         226,      -8.630040671,      -8.464396659,      -8.131703028,      -8.082435173,      -8.085920866,      -13.08936508
          0,           0,         227,      -8.638046985,      -8.474981403,      -8.139218215,      -8.089822603,      -8.094370625,      -13.10159009
          0,           0,         228,      -8.646036806,      -8.485547718,      -8.146730159,      -8.097208106,      -8.102804166,       -13.1138283
          0,           0,         229,      -8.654010241,      -8.496094952,      -8.154239024,       -8.10459189,      -8.111221714,      -13.12607989
          0,           0,         230,       -8.66196742,      -8.506623128,      -8.161744932,      -8.111974101,      -8.119623496,      -13.13834507
          0,           0,         231,      -8.669908473,        -8.5171323,      -8.169247969,      -8.119354834,      -8.128009697,      -13.15062407
          0,           0,         232,      -8.677833514,      -8.527622309,      -8.176748201,      -8.126734159,      -8.136380487,      -13.16291661
          0,           0,         233,      -8.685742619,      -8.538092915,      -8.184245723,      -8.134112157,      -8.144736037,      -13.17522752
          0,           0,         234,      -8.693635871,      -8.548543859,       -8.19174068,      -8.141488953,      -8.153076545,      -13.18755952
          0,           0,         235,      -8.701513439,      -8.558974956,      -8.199233251,      -8.148864705,      -8.161402295,      -13.19989601
          0,           0,         236,      -8.709375535,      -8.569386051,      -8.206723627,      -8.156239573,      -8.169713584,       -13.2122492
          0,           0,         237,      -8.717222115,      -8.579776997,      -8.214212014,      -8.163613694,      -8.178010431,      -13.22461647
          0,           0,         238,      -8.725053379,      -8.590147531,      -8.221698623,      -8.170987211,      -8.186293166,       -13.2369944
          0,           0,         239,      -8.732869522,      -8.600497331,      -8.229183609,      -8.178360245,      -8.194562115,      -13.24938559
          0,           0,         240,      -8.740670717,      -8.610826189,       -8.23666706,      -8.185732883,      -8.202817568,      -13.26179077
          0,           0,         241,      -8.748457064,      -8.621133896,      -8.244149022,      -8.193105177,      -8.211059737,      -13.27421003
          0,           0,         242,      -8.756228618,      -8.631420248,      -8.251629526,      -8.200477157,       -8.21928879,      -13.28664332
          0,           0,         243,      -8.763985441,      -8.641685081,      -8.259108614,      -8.207848861,      -8.227504896,      -13.29909052
          0,           0,         244,      -8.771727626,      -8.651928288,      -8.266586351,      -8.215220352,      -8.235708246,       -13.3115514
          0,           0,         245,      -8.779455304,       -8.66214981,      -8.274062833,      -8.222591727,      -8.243899057,      -13.32402581
          0,           0,         246,      -8.787168616,      -8.672349555,      -8.281538185,      -8.229963118,      -8.252077556,      -13.33651369
          0,           0,         247,      -8.794867715,       -8.68252743,      -8.289012554,       -8.23733468,       -8.26024398,      -13.34901507
          0,           0,         248,      -8.802552757,      -8.692683333,      -8.296486115,      -8.244706596,      -8.268398583,      -13.36153002
          0,           0,         249,      -8.810223907,       -8.70281715,      -8.303959066,      -8.252079074,       -8.27654164,      -13.37405855
          0,           0,         250,      -8.817881335,      -8.712928754,      -8.311431628,      -8.259452343,       -8.28467345,      -13.38660068
          0,           0,         251,      -8.825525207,      -8.723017997,      -8.318904031,      -8.266826633,      -8.292794319,       -13.3991564
          0,           0,         252,      -8.833155677,       -8.73308471,      -8.326376496,      -8.274202166,      -8.300904559,      -13.41172569
          0,           0,         253,      -8.840772893,      -8.743128738,      -8.333849237,      -8.281579146,      -8.309004476,      -13.42430862
          0,           0,         254,      -8.848376995,      -8.753149954,      -8.341322443,      -8.288957753,      -8.317094362,       -13.4369052
          0,           0,         255,      -8.855968103,      -8.763148235,      -8.348796277,      -8.296338142,      -8.325174495,      -13.44951546
          0,           0,         256,      -8.863546318,      -8.773123448,      -8.356270873,      -8.303720441,      -8.333245124,      -13.46213939
          0,           0,         257,      -8.871111728,       -8.78307549,      -8.363746342,      -8.311104759,      -8.341306483,      -13.47477698
          0,           0,         258,      -8.878664407,      -8.793004257,      -8.371222771,      -8.318491187,      -8.349358778,      -13.48742819
          0,           0,         259,      -8.886204402,       -8.80290961,      -8.378700239,      -8.325879803,      -8.357402192,      -13.50009282
          0,           0,         260,      -8.893731769,       -8.81279144,      -8.386178812,      -8.333270675,      -8.365436914,      -13.51277106
          0,           0,         261,      -8.901246571,      -8.822649641,      -8.393658553,      -8.340663864,      -8.373463144,      -13.52546321
          0,           0,         262,      -8.908748873,      -8.832484116,      -8.401139521,      -8.348059422,      -8.381481082,      -13.53816938
          0,           0,         263,      -8.916238746,      -8.842294788,      -8.408621775,      -8.355457393,      -8.389490923,      -13.55088947
          0,           0,         264,      -8.923716259,      -8.852081605,      -8.416105369,      -8.362857815,      -8.397492862,      -13.56362338
          0,           0,         265,      -8.931181487,      -8.861844531,      -8.423590355,       -8.37026072,      -8.405487095,      -13.57637106
          0,           0,         266,      -8.938634504,      -8.871583542,      -8.431076787,      -8.377666144,      -8.413473818,      -13.58919004
          0,           0,         267,      -8.946075952,      -8.881300255,      -8.438564719,      -8.385074128,      -8.421453697,      -13.60201457
          0,           0,         268,      -8.953505745,      -8.890994134,      -8.446054216,      -8.392484712,      -8.429426769,      -13.61481376
          0,           0,         269,      -8.960923423,      -8.900663827,      -8.453545354,      -8.399897961,      -8.437392798,      -13.62761975
          0,           0,         270,      -8.968328927,      -8.910308984,      -8.461038214,      -8.407313956,      -8.445351914,      -13.64043743
          0,           0,         271,      -8.975722386,      -8.919929594,      -8.468532885,      -8.414732771,      -8.453304359,      -13.65326765
          0,           0,         272,      -8.983103993,      -8.929525761,      -8.476029453,      -8.422154476,       -8.46125047,      -13.66611044
          0,           0,         273,      -8.990473867,      -8.939097586,      -8.483527994,      -8.429579131,      -8.469190495,      -13.67896565
          0,           0,         274,      -8.997831903,      -8.948645105,      -8.491028571,      -8.437006784,      -8.477124364,      -13.69183315
          0,           0,         275,       -9.00517821,      -8.958168339,      -8.498531233,       -8.44443748,      -8.485052356,      -13.70471279
          0,           0,         276,      -9.012512882,      -8.967667369,      -8.506036042,      -8.451871274,      -8.492974708,      -13.71760441
          0,           0,         277,      -9.019836009,      -8.977142314,      -8.513543071,      -8.459308237,      -8.500891637,      -13.73050787
          0,           0,         278,      -9.027147673,      -8.986593263,      -8.521052407,      -8.466748458,      -8.508803362,      -13.74342296
          0,           0,         279,      -9.034447964,      -8.996020293,      -8.528564145,      -8.474192034,      -8.516710107,       -13.7563495
          0,           0,         280,      -9.041736968,      -9.005423476,      -8.536078388,      -8.481639062,      -8.524612096,      -13.76928727
          0,           0,         281,      -9.049014765,      -9.014802881,       -8.54359523,      -8.489089624,      -8.532509545,      -13.78223609
          0,           0,         282,      -9.056281402,      -9.024158582,      -8.551114756,      -8.496543791,       -8.54040264,      -13.79519577
          0,           0,         283,      -9.063536952,      -9.033490686,      -8.558637044,      -8.504001624,      -8.548291588,      -13.80816612
          0,           0,         284,       -9.07078147,      -9.042799305,      -8.566162169,      -8.511463183,      -8.556176578,      -13.82114692
          0,           0,         285,      -9.078015737,      -9.052086339,      -8.573690219,       -8.51892854,      -8.564058352,       -13.8341378
          0,           0,         286,      -9.085240102,      -9.061352499,      -8.581221184,      -8.526397726,      -8.571937215,      -13.84713844
          0,           0,         287,      -9.092453351,      -9.070594946,      -8.588755028,      -8.533870727,      -8.579812313,      -13.86014859
          0,           0,         288,      -9.099655188,      -9.079813373,      -8.596291891,      -8.541347611,      -8.587683626,      -13.87316775
          0,           0,         289,      -9.106845644,      -9.089007874,      -8.603831872,      -8.548828466,      -8.595551314,      -13.88619531
          0,           0,         290,      -9.114024946,      -9.098178793,      -8.611375057,      -8.556313366,      -8.603415701,      -13.89923063
          0,           0,         291,      -9.121193333,      -9.107326529,      -8.618921523,      -8.563802362,      -8.611277161,      -13.91227302
          0,           0,         292,      -9.128350957,      -9.116451407,       -8.62647134,      -8.571295488,       -8.61913603,      -13.92532158
          0,           0,         293,       -9.13549788,      -9.125553658,      -8.634024565,      -8.578792767,      -8.626992562,       -13.9383754
          0,           0,         294,      -9.142634109,      -9.134633462,      -8.641581243,      -8.586294219,      -8.634846922,      -13.95143419
          0,           0,         295,      -9.149759639,      -9.143690975,      -8.649141416,      -8.593799864,      -8.642699221,      -13.96449736
          0,           0,         296,      -9.156874467,      -9.152726346,      -8.656705119,      -8.601309728,      -8.650549542,      -13.97756411
          0,           0,         297,      -9.163978598,      -9.161739722,      -8.664272386,      -8.608823842,      -8.658397974,      -13.99063347
          0,           0,         298,      -9.171072043,      -9.170731247,      -8.671843253,      -8.616342239,      -8.666244618,      -14.00370449
          0,           0,         299,       -9.17815482,      -9.179701071,      -8.679417754,      -8.623864957,      -8.674089593,      -14.01677627
          0,           0,         300,      -9.185226943,      -9.188649322,      -8.686995932,      -8.631392036,      -8.681933039,      -14.02984795
          0,           0,         301,      -9.192288431,      -9.197576139,      -8.694577832,      -8.638923519,      -8.689775107,       -14.0429186
          0,           0,         302,      -9.199339304,      -9.206481678,      -8.702163507,      -8.646459453,      -8.697615952,      -14.05598725
          0,           0,         303,      -9.206379582,      -9.215366109,       -8.70975301,      -8.653999882,      -8.705455729,      -14.06905288
          0,           0,         304,      -9.213409283,      -9.224229597,      -8.717346403,      -8.661544858,      -8.713294591,      -14.08211438
          0,           0,         305,      -9.220428426,      -9.233072302,      -8.724943752,      -8.669094436,      -8.721132688,      -14.09517054
          0,           0,         306,      -9.227437026,      -9.241894409,       -8.73254512,       -8.67664867,      -8.728970168,         -14.10822
          0,           0,         307,      -9.234435094,      -9.250696155,      -8.740150559,      -8.684207602,      -8.736807166,      -14.12126136
          0,           0,         308,      -9.241422629,      -9.259477727,      -8.747760109,       -8.69177126,      -8.744643799,      -14.13429326
          0,           0,         309,      -9.248399625,      -9.268239316,        -8.7553738,      -8.699339661,      -8.752480174,       -14.1473142
          0,           0,         310,      -9.255366079,      -9.276981128,      -8.762991652,      -8.706912813,      -8.760316396,      -14.16032258
          0,           0,         311,      -9.262321969,      -9.285703306,      -8.770613686,      -8.714490726,      -8.768152565,       -14.1733168
          0,           0,         312,      -9.269267287,      -9.294406017,      -8.778239931,      -8.722073419,      -8.775988798,       -14.1862952
          0,           0,         313,      -9.276202035,      -9.303089419,      -8.785870439,      -8.729660931,      -8.783825224,      -14.19925599
          0,           0,         314,      -9.283126215,      -9.311753681,      -8.793505277,      -8.737253314,      -8.791661984,      -14.21219723
          0,           0,         315,      -9.290039831,      -9.320398981,      -8.801144516,      -8.744850619,      -8.799499217,      -14.22511689
          0,           0,         316,      -9.296942882,      -9.329025508,      -8.808788217,      -8.752452884,      -8.807337048,      -14.23801286
          0,           0,         317,      -9.303835362,      -9.337633464,      -8.816436435,      -8.760060138,      -8.815175587,      -14.25088294
          0,           0,         318,      -9.310717256,      -9.346223056,      -8.824089208,        -8.7676724,      -8.823014936,      -14.26372491
          0,           0,         319,      -9.317588551,      -9.354794484,      -8.831746578,      -8.775289693,      -8.830855196,      -14.27653645
          0,           0,         320,      -9.324449236,      -9.363347946,      -8.839408593,      -8.782912063,      -8.838696481,       -14.2893151
          0,           0,         321,      -9.331299304,      -9.371883645,      -8.847075313,      -8.790539569,      -8.846538914,      -14.30205822
          0,           0,         322,      -9.338138747,      -9.380401789,      -8.854746792,       -8.79817227,      -8.854382618,       -14.3147631
          0,           0,         323,      -9.344967553,      -9.388902592,      -8.862423072,      -8.805810208,        -8.8622277,      -14.32742695
          0,           0,         324,      -9.351785702,      -9.397386262,      -8.870104177,      -8.813453403,      -8.870074254,      -14.34004689
          0,           0,         325,      -9.358593164,      -9.405852996,       -8.87779012,      -8.821101852,      -8.877922358,      -14.35262006
          0,           0,         326,      -9.365389907,      -9.414302984,      -8.885480901,      -8.828755542,       -8.88577208,      -14.36514357
          0,           0,         327,      -9.372175893,      -9.422736407,      -8.893176524,      -8.836414454,      -8.893623485,      -14.37761433
          0,           0,         328,       -9.37895109,       -9.43115343,      -8.900876998,       -8.84407858,      -8.901476645,       -14.3900292
          0,           0,         329,       -9.38571547,      -9.439554219,      -8.908582347,      -8.851747919,      -8.909331635,      -14.40238493
          0,           0,         330,       -9.39246901,       -9.44793894,      -8.916292609,      -8.859422488,      -8.917188541,      -14.41467817
          0,           0,         331,      -9.399211694,       -9.45630776,      -8.924007837,      -8.867102318,      -8.925047458,      -14.42690554
          0,           0,         332,      -9.405943506,      -9.464660854,      -8.931728094,      -8.874787453,      -8.932908491,      -14.43906353
          0,           0,         333,      -9.412664435,      -9.472998403,       -8.93945345,      -8.882477943,      -8.940771746,      -14.45114862
          0,           0,         334,      -9.419374466,      -9.481320593,      -8.947183975,      -8.890173845,      -8.948637333,      -14.46315721
          0,           0,         335,      -9.426073584,      -9.489627619,      -8.954919741,      -8.897875216,      -8.956505364,      -14.47508564
          0,           0,         336,      -9.432761766,       -9.49791967,       -8.96266081,      -8.905582113,      -8.964375933,      -14.48693015
          0,           0,         337,      -9.439438986,      -9.506196935,      -8.970407244,      -8.913294587,      -8.972249136,      -14.49868693
          0,           0,         338,      -9.446105223,      -9.514459605,      -8.978159094,      -8.921012683,      -8.980125077,      -14.51035229
          0,           0,         339,      -9.452760452,      -9.522707863,      -8.985916406,      -8.928736441,      -8.988003849,      -14.52192253
          0,           0,         340,      -9.459404649,      -9.530941904,       -8.99367922,      -8.936465895,       -8.99588555,      -14.53339405
          0,           0,         341,      -9.466037838,      -9.539163066,      -9.001447576,      -8.944201073,       -9.00377029,      -14.54476424
          0,           0,         342,      -9.472659905,       -9.54737031,       -9.00922149,       -8.95194196,      -9.011657966,      -14.55602852
          0,           0,         343,      -9.479270682,      -9.555563727,      -9.017000997,       -8.95968859,      -9.019548588,      -14.56718373
          0,           0,         344,      -9.485870321,      -9.563743613,      -9.024786129,      -8.967440971,      -9.027442607,      -14.57822601
          0,           0,         345,      -9.492458895,       -9.57191031,      -9.032576906,      -8.975199123,      -9.035340304,      -14.58915151
          0,           0,         346,      -9.499036374,      -9.580064097,      -9.040373345,      -8.982963074,      -9.043241771,      -14.59995659
          0,           0,         347,      -9.505602683,      -9.588205135,      -9.048175481,      -8.990732856,      -9.051146988,      -14.61063792
          0,           0,         348,      -9.512157754,      -9.596333484,      -9.055983375,       -8.99850851,      -9.059055884,      -14.62119234
          0,           0,         349,      -9.518701531,      -9.604449139,        -9.0637971,      -9.006290083,      -9.066968413,      -14.63161692
          0,           0,         350,      -9.525233979,       -9.61255207,      -9.071616737,      -9.014077627,      -9.074884572,      -14.64190891
          0,           0,         351,      -9.531755077,      -9.620642272,       -9.07944236,      -9.021871194,      -9.082804419,      -14.65206572
          0,           0,         352,      -9.538264806,      -9.628719776,      -9.087274036,       -9.02967083,      -9.090728049,      -14.66208498
          0,           0,         353,      -9.544763143,      -9.636784669,      -9.095111816,      -9.037476572,      -9.098655563,      -14.67196447
          0,           0,         354,      -9.551250055,      -9.644837074,      -9.102955743,      -9.045288446,      -9.106587055,      -14.68170217
          0,           0,         355,      -9.557725497,      -9.652877146,      -9.110805849,      -9.053106475,      -9.114522604,      -14.69129627
          0,           0,         356,      -9.564189417,      -9.660905054,      -9.118662166,      -9.060930674,      -9.122462269,      -14.70074513
          0,           0,         357,      -9.570641766,      -9.668920976,      -9.126524725,      -9.068761061,      -9.130406113,      -14.71004736
          0,           0,         358,      -9.577082491,      -9.676925076,      -9.134393558,      -9.076597655,      -9.138354196,      -14.71920187
          0,           0,         359,      -9.583511549,      -9.684917517,      -9.142268703,      -9.084440479,      -9.146306586,      -14.72820779
          0,           0,         360,      -9.589928902,       -9.69289846,      -9.150150205,      -9.092289564,      -9.154263357,      -14.73706452
          0,           0,         361,      -9.596334519,      -9.700868043,      -9.158038109,      -9.100144942,      -9.162224589,      -14.74577175
          0,           0,         362,      -9.602728374,      -9.708826398,      -9.165932468,      -9.108006655,       -9.17019036,      -14.75432943
          0,           0,         363,      -9.609110444,      -9.716773646,      -9.173833337,      -9.115874745,       -9.17816075,      -14.76273779
          0,           0,         364,      -9.615480706,      -9.724709897,      -9.181740773,      -9.123749258,       -9.18613584,      -14.77099731
          0,           0,         365,      -9.621839142,      -9.732635247,      -9.189654835,      -9.131630244,       -9.19411571,      -14.77910878
          0,           0,         366,      -9.628185729,      -9.740549785,      -9.197575583,      -9.139517752,      -9.202100441,      -14.78707322
          0,           0,         367,      -9.634520448,      -9.748453596,      -9.205503079,      -9.147411834,      -9.210090112,      -14.79489193
          0,           0,         368,      -9.640843274,      -9.756346758,      -9.213437386,      -9.155312541,      -9.218084805,      -14.80256645
          0,           0,         369,      -9.647154186,      -9.764229364,      -9.221378566,      -9.163219923,      -9.226084599,      -14.81009849
          0,           0,         370,      -9.653453158,      -9.772101483,      -9.229326681,      -9.171134029,      -9.234089574,      -14.81749006
          0,           0,         371,      -9.659740157,       -9.77996318,      -9.237281791,      -9.179054905,      -9.242099802,      -14.82474345
          0,           0,         372,      -9.666015155,      -9.787814527,      -9.245243954,      -9.186982597,      -9.250115361,      -14.83186105
          0,           0,         373,      -9.672278123,      -9.795655594,       -9.25321323,      -9.194917145,       -9.25813632,      -14.83884546
          0,           0,         374,      -9.678529029,      -9.803486453,      -9.261189677,      -9.202858594,      -9.266162746,      -14.84569944
          0,           0,         375,      -9.684767844,      -9.811307148,      -9.269173353,      -9.210806984,      -9.274194711,      -14.85242585
          0,           0,         376,      -9.690994536,      -9.819117721,      -9.277164317,      -9.218762356,      -9.282232276,      -14.85902777
          0,           0,         377,      -9.697209078,       -9.82691822,       -9.28516263,      -9.226724754,      -9.290275511,      -14.86550835
          0,           0,         378,      -9.703411441,      -9.834708691,      -9.293168354,      -9.234694222,      -9.298324479,      -14.87187088
          0,           0,         379,      -9.709601598,      -9.842489174,      -9.301181555,      -9.242670807,      -9.306379246,       -14.8781187
          0,           0,         380,      -9.715779524,      -9.850259705,      -9.309202298,      -9.250654558,      -9.314439886,      -14.88425527
          0,           0,         381,      -9.721945193,      -9.858020314,      -9.317230652,      -9.258645527,      -9.322506462,      -14.89028409
          0,           0,         382,      -9.728098585,      -9.865771038,      -9.325266688,      -9.266643767,      -9.330579056,       -14.8962087
          0,           0,         383,      -9.734239676,      -9.873511899,      -9.333310477,      -9.274649334,      -9.338657737,       -14.9020326
          0,           0,         384,      -9.740368449,       -9.88124292,      -9.341362095,      -9.282662285,      -9.346742585,      -14.90775932
          0,           0,         385,      -9.746484882,      -9.888964126,      -9.349421614,      -9.290682682,      -9.354833673,      -14.91339269
          0,           0,         386,      -9.752588956,      -9.896675535,      -9.357489114,      -9.298710583,       -9.36293108,      -14.91893631
          0,           0,         387,      -9.758680653,      -9.904377164,       -9.36556467,       -9.30674605,      -9.371034887,      -14.92439373
          0,           0,         388,      -9.764759955,      -9.912069021,      -9.373648363,      -9.314789147,      -9.379145169,      -14.92976846
          0,           0,         389,      -9.770826845,      -9.919751119,      -9.381740272,      -9.322839938,      -9.387262009,      -14.93506402
          0,           0,         390,      -9.776881302,      -9.927423459,      -9.389840477,      -9.330898485,      -9.395385481,      -14.94028385
          0,           0,         391,       -9.78292331,       -9.93508604,      -9.397949059,      -9.338964854,       -9.40351566,      -14.94543139
          0,           0,         392,       -9.78895285,      -9.942738853,      -9.406066098,      -9.347039103,      -9.411652622,         -14.95051
          0,           0,         393,      -9.794969904,      -9.950381892,      -9.414191674,      -9.355121299,      -9.419796442,        -14.955523
          0,           0,         394,      -9.800974455,      -9.958015138,      -9.422325869,      -9.363211502,      -9.427947192,      -14.96047364
          0,           0,         395,      -9.806966488,      -9.965638577,      -9.430468766,      -9.371309779,      -9.436104947,      -14.96536509
          0,           0,         396,      -9.812945987,      -9.973252183,      -9.438620454,      -9.379416198,      -9.444269785,      -14.97020043
          0,           0,         397,      -9.818912937,      -9.980855967,      -9.446781019,      -9.387530829,      -9.452441785,      -14.97498263
          0,           0,         398,      -9.824867328,      -9.988449862,      -9.454950557,      -9.395653744,      -9.460621026,      -14.97971461
          0,           0,         399,      -9.830809147,      -9.996033828,      -9.463129162,      -9.403785021,      -9.468807593,      -14.98439916
          0,           0,         400,      -9.836738382,      -10.00360784,      -9.471316933,      -9.411924738,      -9.477001564,      -14.98903899
          0,           0,         401,      -9.842655024,      -10.01117186,      -9.479513971,      -9.420072976,      -9.485203034,      -14.99363672
          0,           0,         402,      -9.848559064,      -10.01872585,       -9.48772038,      -9.428229819,      -9.493412083,      -14.99819485
          0,           0,         403,      -9.854450492,      -10.02626976,      -9.495936265,      -9.436395352,      -9.501628798,      -15.00271579
          0,           0,         404,      -9.860329303,      -10.03380356,      -9.504161734,      -9.444569662,      -9.509853272,       -15.0072019
          0,           0,         405,      -9.866195487,      -10.04132721,      -9.512396893,      -9.452752834,      -9.518085591,      -15.01165538
          0,           0,         406,      -9.872049038,      -10.04884067,      -9.520641852,      -9.460944959,      -9.526325844,      -15.01607836
          0,           0,         407,      -9.877889952,      -10.05634384,      -9.528896722,      -9.469146124,      -9.534574122,       -15.0204729
          0,           0,         408,      -9.883718223,      -10.06383667,      -9.537161613,      -9.477356421,      -9.542830513,      -15.02484096
          0,           0,         409,      -9.889533845,       -10.0713191,      -9.545436639,      -9.485575939,      -9.551095102,      -15.02918443
          0,           0,         410,      -9.895336817,      -10.07879106,      -9.553721914,       -9.49380477,      -9.559367988,      -15.03350508
          0,           0,         411,      -9.901127134,      -10.08625248,      -9.562017555,      -9.502043009,      -9.567649255,      -15.03780463
          0,           0,         412,      -9.906904794,      -10.09370329,      -9.570323679,       -9.51029075,      -9.575938997,      -15.04208469
          0,           0,         413,      -9.912669798,       -10.1011434,      -9.578640407,      -9.518548087,      -9.584237305,      -15.04634681
          0,           0,         414,      -9.918422144,      -10.10857277,       -9.58696786,      -9.526815119,      -9.592544273,      -15.05059249
          0,           0,         415,      -9.924161831,      -10.11599129,      -9.595306162,      -9.535091946,      -9.600859991,       -15.0548231
          0,           0,         416,      -9.929888862,      -10.12339888,      -9.603655442,      -9.543378667,      -9.609184555,      -15.05903997
          0,           0,         417,      -9.935603238,      -10.13079544,      -9.612015828,      -9.551675389,       -9.61751806,      -15.06324435
          0,           0,         418,      -9.941304963,      -10.13818088,      -9.620387452,      -9.559982213,      -9.625860599,      -15.06743742
