"PointID","x","y","Adjoint_Density","Adjoint_Momentum_x","Adjoint_Momentum_y","Adjoint_Energy","Sensitivity_x","Sensitivity_y","Surface_Sensitivity"
0, 9.997500181200000e-01, -3.633181114024860e-05, 3.350760523223359e-01, -8.237852962004557e-01, -1.146305867216325e-01, 2.333556065800713e-01, 0.000000000000000e+00, 0.000000000000000e+00, -1.725029556220156e+00
1, 9.990000128750000e-01, -1.454333976902335e-04, -4.205928473619528e-02, -4.725390950132708e-02, -9.068851603315269e-02, 4.707185526732488e-03, 0.000000000000000e+00, 0.000000000000000e+00, 9.655770620766650e-01
2, 9.977599978450000e-01, -3.270805356876791e-04, -5.665122811100952e-02, 6.109250498180283e-03, -1.185883852146396e-01, -3.297708261473993e-03, 0.000000000000000e+00, 0.000000000000000e+00, 8.144412208286457e-02
3, 9.960200190539999e-01, -5.876236252841220e-04, -7.639093905719554e-02, 4.529433330478230e-02, -1.169736042838123e-01, -1.131374057668194e-02, 0.000000000000000e+00, 0.000000000000000e+00, 7.662269804767273e-02
4, 9.937800168990000e-01, -9.387789225611957e-04, -9.710685982903551e-02, 8.298950840434847e-02, -1.247111965538084e-01, -1.978342886694644e-02, 0.000000000000000e+00, 0.000000000000000e+00, 5.849261808377764e-02
5, 9.910500049590000e-01, -1.399141237195883e-03, -1.057553660381813e-01, 1.003657024581803e-01, -1.363994916859033e-01, -2.310909312907868e-02, 0.000000000000000e+00, 0.000000000000000e+00, 3.653133973204181e-02
6, 9.878399968150000e-01, -1.993430099513760e-03, -1.072281565619754e-01, 1.069054960642676e-01, -1.520045565169102e-01, -2.428748365728226e-02, 0.000000000000000e+00, 0.000000000000000e+00, 2.947470952952239e-02
7, 9.841300249100000e-01, -2.751780846950266e-03, -1.002859447081502e-01, 1.011765158207521e-01, -1.704839268699092e-01, -2.309083871224678e-02, 0.000000000000000e+00, 0.000000000000000e+00, 2.423002043507966e-02
8, 9.799500107769999e-01, -3.683262560780190e-03, -8.397132099120215e-02, 8.207332937734900e-02, -1.893385272406839e-01, -1.937620111281091e-02, 0.000000000000000e+00, 0.000000000000000e+00, 1.945707144984569e-02
9, 9.752799868580000e-01, -4.785675754792572e-03, -5.869650406574978e-02, 5.027157346979018e-02, -2.051648091401342e-01, -1.327190871843683e-02, 0.000000000000000e+00, 0.000000000000000e+00, 1.451418303445438e-02
10, 9.701499938960000e-01, -6.019376212422453e-03, -2.675234714466371e-02, 9.074487424678649e-03, -2.144618872235024e-01, -5.362068884228591e-03, 0.000000000000000e+00, 0.000000000000000e+00, 9.692621075490980e-03
11, 9.645400047300000e-01, -7.336389307793182e-03, 7.603154008929141e-03, -3.570469522964691e-02, -2.147226717414845e-01, 3.259463625080770e-03, 0.000000000000000e+00, 0.000000000000000e+00, 4.980077003383282e-03
12, 9.584699869160000e-01, -8.673975977369528e-03, 3.840454326936411e-02, -7.630945479735254e-02, -2.056000828667534e-01, 1.107858956706363e-02, 0.000000000000000e+00, 0.000000000000000e+00, 1.278084814274522e-03
13, 9.519400000570000e-01, -9.986468583522291e-03, 6.018775295701007e-02, -1.057157574224268e-01, -1.897597972782606e-01, 1.662109464887226e-02, 0.000000000000000e+00, 0.000000000000000e+00, 1.932625683395160e-04
14, 9.449599981310000e-01, -1.125069571306422e-02, 7.049322410309003e-02, -1.206449344224306e-01, -1.717948527761125e-01, 1.920744916534741e-02, 0.000000000000000e+00, 0.000000000000000e+00, 1.579657209599755e-03
15, 9.375399947170000e-01, -1.247028533550715e-02, 7.122671521487647e-02, -1.231673060724864e-01, -1.560734289644156e-01, 1.930196748573000e-02, 0.000000000000000e+00, 0.000000000000000e+00, 3.655599996375720e-03
16, 9.296900033950000e-01, -1.366786885053205e-02, 6.717250014176589e-02, -1.189710468251616e-01, -1.450539540741911e-01, 1.812557273831733e-02, 0.000000000000000e+00, 0.000000000000000e+00, 4.810757970667279e-03
17, 9.214000105860000e-01, -1.487565924391517e-02, 6.281861537576852e-02, -1.136943154880229e-01, -1.388015727175795e-01, 1.689410948842225e-02, 0.000000000000000e+00, 0.000000000000000e+00, 4.911017275061086e-03
18, 9.126999974250000e-01, -1.611589373461388e-02, 6.106397718329739e-02, -1.110791639782333e-01, -1.362161185884466e-01, 1.632417171356757e-02, 0.000000000000000e+00, 0.000000000000000e+00, 4.398068287973654e-03
19, 9.035800099370001e-01, -1.740658214233212e-02, 6.258552092462523e-02, -1.122012004039149e-01, -1.356605705141401e-01, 1.663591520854450e-02, 0.000000000000000e+00, 0.000000000000000e+00, 3.752677388180089e-03
20, 8.940600156780000e-01, -1.875065336874019e-02, 6.712432572369358e-02, -1.168957350004209e-01, -1.358475369002241e-01, 1.772603438456357e-02, 0.000000000000000e+00, 0.000000000000000e+00, 3.066501112775574e-03
21, 8.841500282290000e-01, -2.014436614040085e-02, 7.380262554077381e-02, -1.241720577189700e-01, -1.359295899696204e-01, 1.937855635025308e-02, 0.000000000000000e+00, 0.000000000000000e+00, 2.483538399860005e-03
22, 8.738499879840000e-01, -2.158114807345942e-02, 8.165558823480117e-02, -1.329078101646580e-01, -1.354689130083336e-01, 2.134679366341359e-02, 0.000000000000000e+00, 0.000000000000000e+00, 2.079263217002641e-03
23, 8.631799817090000e-01, -2.305064193856111e-02, 9.005686673567179e-02, -1.423180183432783e-01, -1.344680730382888e-01, 2.344173987146241e-02, 0.000000000000000e+00, 0.000000000000000e+00, 1.773026315591640e-03
24, 8.521599769590000e-01, -2.454358460022748e-02, 9.846145210404639e-02, -1.517598233080482e-01, -1.329658637479376e-01, 2.555349810617857e-02, 0.000000000000000e+00, 0.000000000000000e+00, 1.621343681747221e-03
25, 8.407700061800000e-01, -2.605776536687062e-02, 1.067815898982290e-01, -1.610865721535367e-01, -1.311877544438323e-01, 2.762665464739948e-02, 0.000000000000000e+00, 0.000000000000000e+00, 1.510207242754641e-03
26, 8.290500044819999e-01, -2.758446081778498e-02, 1.149181000233296e-01, -1.701866537743521e-01, -1.292140340803780e-01, 2.966957866459424e-02, 0.000000000000000e+00, 0.000000000000000e+00, 1.446633933795933e-03
27, 8.170099854470000e-01, -2.912004449776915e-02, 1.229948522439442e-01, -1.791858811444509e-01, -1.271462147120122e-01, 3.169429832286200e-02, 0.000000000000000e+00, 0.000000000000000e+00, 1.368601462764007e-03
28, 8.046399950980000e-01, -3.066379923766199e-02, 1.311296172483044e-01, -1.882101872409237e-01, -1.250187396816661e-01, 3.373139245450062e-02, 0.000000000000000e+00, 0.000000000000000e+00, 1.224108529443955e-03
29, 7.919700145720000e-01, -3.221000016588303e-02, 1.393813169314448e-01, -1.973479732922582e-01, -1.228000779993116e-01, 3.580790894438528e-02, 0.000000000000000e+00, 0.000000000000000e+00, 1.038692073486462e-03
30, 7.790099978450000e-01, -3.375530896720282e-02, 1.478698403767914e-01, -2.067114907598825e-01, -1.205163414856473e-01, 3.792939325317348e-02, 0.000000000000000e+00, 0.000000000000000e+00, 8.439352921089639e-04
31, 7.657799720760000e-01, -3.529496272964615e-02, 1.565358691703874e-01, -2.162532042289468e-01, -1.180994785783615e-01, 4.010665307461624e-02, 0.000000000000000e+00, 0.000000000000000e+00, 7.708089527209009e-04
32, 7.522799968720000e-01, -3.682631394048258e-02, 1.653971543366930e-01, -2.259822795658303e-01, -1.155558371727073e-01, 4.232855060887459e-02, 0.000000000000000e+00, 0.000000000000000e+00, 7.904882591333763e-04
33, 7.385200262070000e-01, -3.834535655878947e-02, 1.743421106995877e-01, -2.357832720510118e-01, -1.128297540870104e-01, 4.458686580260457e-02, 0.000000000000000e+00, 0.000000000000000e+00, 8.361247299284036e-04
34, 7.245299816130000e-01, -3.984589778896972e-02, 1.833636803318640e-01, -2.456379550396897e-01, -1.099335392087974e-01, 4.685923251220132e-02, 0.000000000000000e+00, 0.000000000000000e+00, 8.161660253586498e-04
35, 7.103199958800001e-01, -4.132403862087114e-02, 1.923805408472761e-01, -2.554594225172870e-01, -1.068357989415239e-01, 4.913647900034707e-02, 0.000000000000000e+00, 0.000000000000000e+00, 7.488327049709023e-04
36, 6.958900094030001e-01, -4.277697747549006e-02, 2.014289038349977e-01, -2.652818101509231e-01, -1.035697904113633e-01, 5.141579493663231e-02, 0.000000000000000e+00, 0.000000000000000e+00, 6.074308107681309e-04
37, 6.812700033190000e-01, -4.419904388671990e-02, 2.104822967178731e-01, -2.750811429411833e-01, -1.001162145631118e-01, 5.369938392967080e-02, 0.000000000000000e+00, 0.000000000000000e+00, 4.634913273168093e-04
38, 6.664699912070000e-01, -4.558686313383291e-02, 2.195272491421491e-01, -2.848386379533667e-01, -9.650786954145676e-02, 5.597688741782506e-02, 0.000000000000000e+00, 0.000000000000000e+00, 3.683065410410020e-04
39, 6.514999866490000e-01, -4.693727456150359e-02, 2.284632216522831e-01, -2.944463761587210e-01, -9.273042404189995e-02, 5.823093102838361e-02, 0.000000000000000e+00, 0.000000000000000e+00, 3.336696701985332e-04
40, 6.363800168040000e-01, -4.824650111173480e-02, 2.372652756243144e-01, -3.038790778505367e-01, -8.881552433898542e-02, 6.044817529433900e-02, 0.000000000000000e+00, 0.000000000000000e+00, 3.072086576731341e-04
41, 6.211299896240000e-01, -4.951116484023114e-02, 2.458660356067878e-01, -3.130661376535480e-01, -8.475484412352260e-02, 6.261900764131641e-02, 0.000000000000000e+00, 0.000000000000000e+00, 2.953714107935165e-04
42, 6.057599782940000e-01, -5.072904065022285e-02, 2.542738415271418e-01, -3.220149611458079e-01, -8.058433937185530e-02, 6.473750766924671e-02, 0.000000000000000e+00, 0.000000000000000e+00, 3.367043887808289e-04
43, 5.902799963950000e-01, -5.189814753551113e-02, 2.624497650343581e-01, -3.306867748991011e-01, -7.629540795702226e-02, 6.680172840275793e-02, 0.000000000000000e+00, 0.000000000000000e+00, 4.639871404386113e-04
44, 5.747100114820000e-01, -5.301603163220738e-02, 2.704316005569712e-01, -3.391241134193626e-01, -7.192358934998326e-02, 6.881389175265706e-02, 0.000000000000000e+00, 0.000000000000000e+00, 5.422575433519845e-04
45, 5.590599775310000e-01, -5.408125160795511e-02, 2.781972777393008e-01, -3.472993081564554e-01, -6.746067331406343e-02, 7.077502813088644e-02, 0.000000000000000e+00, 0.000000000000000e+00, 3.006269269325002e-04
46, 5.433599948880000e-01, -5.509127927711841e-02, 2.857872480344393e-01, -3.552667305454182e-01, -6.293417029045888e-02, 7.269083685338430e-02, 0.000000000000000e+00, 0.000000000000000e+00, -3.697986854263988e-04
47, 5.276100039480000e-01, -5.604579624487464e-02, 2.931994539485847e-01, -3.630197853227565e-01, -5.832779790848316e-02, 7.456456322170837e-02, 0.000000000000000e+00, 0.000000000000000e+00, -9.665026208839866e-04
48, 5.118399858470000e-01, -5.694278152240185e-02, 3.005160290382223e-01, -3.706446782878643e-01, -5.366843495665188e-02, 7.640699684619898e-02, 0.000000000000000e+00, 0.000000000000000e+00, -5.926336545674367e-04
49, 4.960500001910000e-01, -5.778210587211137e-02, 3.077517300490373e-01, -3.781601345102334e-01, -4.894978121497683e-02, 7.822712521827133e-02, 0.000000000000000e+00, 0.000000000000000e+00, 6.627497237430697e-04
50, 4.802699983120000e-01, -5.856208716607381e-02, 3.148818658868126e-01, -3.855434850298588e-01, -4.415883162353618e-02, 8.002784570250143e-02, 0.000000000000000e+00, 0.000000000000000e+00, 5.047031389745275e-04
51, 4.645099937920000e-01, -5.928218982546180e-02, 3.217080399238442e-01, -3.925842835383047e-01, -3.926184321371014e-02, 8.175146771704560e-02, 0.000000000000000e+00, 0.000000000000000e+00, -4.637155747511040e-03
52, 4.487800002100000e-01, -5.994181276144141e-02, 3.277425387300297e-01, -3.988009420813469e-01, -3.422216843402791e-02, 8.327975423363065e-02, 0.000000000000000e+00, 0.000000000000000e+00, -1.650291730953203e-02
53, 4.331099987030000e-01, -6.053952662060910e-02, 3.325189375662216e-01, -4.037333323330869e-01, -2.904543500986388e-02, 8.449039284292606e-02, 0.000000000000000e+00, 0.000000000000000e+00, -3.029338021040133e-02
54, 4.174999892710000e-01, -6.107503945218960e-02, 3.360788573901135e-01, -4.074264405893218e-01, -2.373362825075237e-02, 8.539461513724442e-02, 0.000000000000000e+00, 0.000000000000000e+00, -2.909386645236558e-02
55, 4.019699990750000e-01, -6.154716479261655e-02, 3.393813738233997e-01, -4.108523931148709e-01, -1.832247597314490e-02, 8.622083231631159e-02, 0.000000000000000e+00, 0.000000000000000e+00, 9.268050443608391e-03
56, 3.865399956700000e-01, -6.195467892256609e-02, 3.438187784463180e-01, -4.154372093526899e-01, -1.282481843196341e-02, 8.732799758943452e-02, 0.000000000000000e+00, 0.000000000000000e+00, 8.550238423992330e-02
57, 3.712300062180000e-01, -6.229630318699168e-02, 3.504167498657729e-01, -4.221043178682800e-01, -7.284530417063903e-03, 8.900603213095598e-02, 0.000000000000000e+00, 0.000000000000000e+00, 1.379520165515883e-01
58, 3.560400009160000e-01, -6.257101978688173e-02, 3.588765313648317e-01, -4.303869252023251e-01, -1.469473672763662e-03, 9.121024533460353e-02, 0.000000000000000e+00, 0.000000000000000e+00, 1.005234130600090e-01
59, 3.409900069240000e-01, -6.277716740887454e-02, 3.678434441437878e-01, -4.390009817576480e-01, 4.992339960406918e-03, 9.353755302649905e-02, 0.000000000000000e+00, 0.000000000000000e+00, 2.569329151250194e-02
60, 3.261100053790000e-01, -6.291295110532950e-02, 3.765782630162831e-01, -4.473017204213539e-01, 1.186060633440217e-02, 9.575330449915256e-02, 0.000000000000000e+00, 0.000000000000000e+00, -1.606098743664488e-02
61, 3.113999962810000e-01, -6.297677699560210e-02, 3.856669668139786e-01, -4.559200877657831e-01, 1.893939345016113e-02, 9.804611009493536e-02, 0.000000000000000e+00, 0.000000000000000e+00, -2.571167905810931e-02
62, 2.968699932100000e-01, -6.296666152854401e-02, 3.963493678449398e-01, -4.660550300486164e-01, 2.635163458517737e-02, 1.007592997459956e-01, 0.000000000000000e+00, 0.000000000000000e+00, -2.544508337963663e-02
63, 2.825500071050000e-01, -6.288057160391837e-02, 4.095296827181149e-01, -4.785729076425382e-01, 3.435512888700564e-02, 1.041353449511417e-01, 0.000000000000000e+00, 0.000000000000000e+00, -2.812304803363111e-02
64, 2.684499919410000e-01, -6.271642812724448e-02, 4.258304157737864e-01, -4.940326469700630e-01, 4.308547838014963e-02, 1.083006249395104e-01, 0.000000000000000e+00, 0.000000000000000e+00, -3.520460560122855e-02
65, 2.545700073240000e-01, -6.247178122251917e-02, 4.456943327393658e-01, -5.128634162103968e-01, 5.265073252483923e-02, 1.133794166783378e-01, 0.000000000000000e+00, 0.000000000000000e+00, -4.432600769557097e-02
66, 2.409400045870000e-01, -6.214458988975943e-02, 4.697694191402413e-01, -5.356661996094898e-01, 6.317954610287912e-02, 1.195104244324397e-01, 0.000000000000000e+00, 0.000000000000000e+00, -5.411088834405941e-02
67, 2.275699973110000e-01, -6.173253485351543e-02, 4.986350421593704e-01, -5.630137609663151e-01, 7.488263511961164e-02, 1.268664599779339e-01, 0.000000000000000e+00, 0.000000000000000e+00, -6.416205654891542e-02
68, 2.144699990750000e-01, -6.123321704684399e-02, 5.328845350579032e-01, -5.954204340327029e-01, 8.807329495046762e-02, 1.355419149326639e-01, 0.000000000000000e+00, 0.000000000000000e+00, -7.372915429907156e-02
69, 2.016600072380000e-01, -6.064468104643828e-02, 5.716976440267756e-01, -6.320757340823506e-01, 1.031856813615438e-01, 1.453167790064170e-01, 0.000000000000000e+00, 0.000000000000000e+00, -7.912484947637267e-02
70, 1.891400069000000e-01, -5.996411036967460e-02, 6.106714322118332e-01, -6.686310372249896e-01, 1.204511151876155e-01, 1.549458849940053e-01, 0.000000000000000e+00, 0.000000000000000e+00, -7.226527175563925e-02
71, 1.769299954180000e-01, -5.918970573462810e-02, 6.387481307272270e-01, -6.944437211733077e-01, 1.393142377534919e-01, 1.616722229455697e-01, 0.000000000000000e+00, 0.000000000000000e+00, -4.254571955122171e-02
72, 1.650400012730000e-01, -5.831930463068693e-02, 6.398976081764567e-01, -6.940222159635427e-01, 1.577618943043368e-01, 1.614648588615913e-01, 0.000000000000000e+00, 0.000000000000000e+00, 1.263265068689200e-02
73, 1.534900069240000e-01, -5.735171572050255e-02, 6.015587566353154e-01, -6.552857845600085e-01, 1.728558604997769e-01, 1.514659559297923e-01, 0.000000000000000e+00, 0.000000000000000e+00, 7.630743233868525e-02
74, 1.422899961470000e-01, -5.628531671861683e-02, 5.281519194387877e-01, -5.824071763332621e-01, 1.832365833010640e-01, 1.329880499382662e-01, 0.000000000000000e+00, 0.000000000000000e+00, 1.138251315258797e-01
75, 1.314399987460000e-01, -5.511753957894479e-02, 4.455369615259268e-01, -5.002171305803798e-01, 1.914004666892202e-01, 1.125365935386478e-01, 0.000000000000000e+00, 0.000000000000000e+00, 9.895010140439334e-02
76, 1.209499984980000e-01, -5.384675932412430e-02, 3.857406564505362e-01, -4.395540235899743e-01, 2.030248115762149e-01, 9.792134038519787e-02, 0.000000000000000e+00, 0.000000000000000e+00, 4.253438004291887e-02
77, 1.108499988910000e-01, -5.247441655850103e-02, 3.624478363058788e-01, -4.136184623159967e-01, 2.222172621452541e-01, 9.223791917369686e-02, 0.000000000000000e+00, 0.000000000000000e+00, -1.224331489651398e-02
78, 1.011300012470000e-01, -5.099709174667230e-02, 3.609820307973207e-01, -4.082498264341969e-01, 2.473829039014830e-01, 9.174751199063227e-02, 0.000000000000000e+00, 0.000000000000000e+00, -2.957848399301051e-02
79, 9.181000292300000e-02, -4.941569887502257e-02, 3.557035128662049e-01, -3.985000758567233e-01, 2.731482304234668e-01, 9.019221722095563e-02, 0.000000000000000e+00, 0.000000000000000e+00, -1.242776336992029e-02
80, 8.290000259900000e-02, -4.773026708356581e-02, 3.339490388451829e-01, -3.717331586364334e-01, 2.961791505207808e-01, 8.459004134430193e-02, 0.000000000000000e+00, 0.000000000000000e+00, 1.023303905185034e-02
81, 7.440000027400000e-02, -4.593906932698490e-02, 3.008803479185264e-01, -3.325862530747816e-01, 3.176674717190038e-01, 7.625200827605171e-02, 0.000000000000000e+00, 0.000000000000000e+00, 1.894929270968933e-02
82, 6.633000075800000e-02, -4.404487734397880e-02, 2.657061698278553e-01, -2.897786767628711e-01, 3.403494195186478e-01, 6.743755730154681e-02, 0.000000000000000e+00, 0.000000000000000e+00, 1.738709788358284e-02
83, 5.869000032500000e-02, -4.204656565191790e-02, 2.308172971456511e-01, -2.454447527019974e-01, 3.648160547736324e-01, 5.870079934356259e-02, 0.000000000000000e+00, 0.000000000000000e+00, 1.687776021173222e-02
84, 5.149000138000000e-02, -3.994562437465589e-02, 1.936573245657491e-01, -1.967834361388307e-01, 3.898585879064572e-01, 4.941969304970152e-02, 0.000000000000000e+00, 0.000000000000000e+00, 2.054155143987533e-02
85, 4.473999887700000e-02, -3.774431400151469e-02, 1.525232158878184e-01, -1.416123920631361e-01, 4.144858820205887e-01, 3.915512951844125e-02, 0.000000000000000e+00, 0.000000000000000e+00, 2.555652824260580e-02
86, 3.844000026600000e-02, -3.544202345364413e-02, 1.074019546276864e-01, -7.935216951504497e-02, 4.382524819740544e-01, 2.793600227180099e-02, 0.000000000000000e+00, 0.000000000000000e+00, 3.051778488235743e-02
87, 3.260000050100000e-02, -3.304186914815939e-02, 5.853795013122821e-02, -9.615294025795430e-03, 4.605035152633649e-01, 1.583089536273519e-02, 0.000000000000000e+00, 0.000000000000000e+00, 3.596220288990395e-02
88, 2.723000012300000e-02, -3.054829075675619e-02, 5.617626668120351e-03, 6.864542815178588e-02, 4.798957098129547e-01, 2.793302834363320e-03, 0.000000000000000e+00, 0.000000000000000e+00, 4.208447894833856e-02
89, 2.232000045500000e-02, -2.795632152314798e-02, -5.129478438337411e-02, 1.561643531255109e-01, 4.946450864896251e-01, -1.120939728955762e-02, 0.000000000000000e+00, 0.000000000000000e+00, 4.843610284774288e-02
90, 1.789999939500000e-02, -2.528296733010216e-02, -1.120683712729616e-01, 2.536915131772634e-01, 5.023405069092398e-01, -2.600106916773950e-02, 0.000000000000000e+00, 0.000000000000000e+00, 5.426498827695179e-02
91, 1.394999958600000e-02, -2.251779391103219e-02, -1.757791180078591e-01, 3.607152339414433e-01, 4.994870727769223e-01, -4.154397054793797e-02, 0.000000000000000e+00, 0.000000000000000e+00, 5.825901797716466e-02
92, 1.049000024800000e-02, -1.967625557937885e-02, -2.415867852890889e-01, 4.771488582056106e-01, 4.819789295874804e-01, -5.732647116469702e-02, 0.000000000000000e+00, 0.000000000000000e+00, 5.903464947652450e-02
93, 7.519999985000000e-03, -1.676313857290009e-02, -3.061913725622608e-01, 5.980544655814283e-01, 4.451899373081549e-01, -7.286501776393317e-02, 0.000000000000000e+00, 0.000000000000000e+00, 5.352907904054578e-02
94, 5.040000193000000e-03, -1.378388255967039e-02, -3.674486083839756e-01, 7.200673811080861e-01, 3.838771988583362e-01, -8.714013785454153e-02, 0.000000000000000e+00, 0.000000000000000e+00, 4.068528873050730e-02
95, 3.049999941000000e-03, -1.074421500678268e-02, -4.184597816637615e-01, 8.318967339521895e-01, 2.947091933691257e-01, -9.924983513674777e-02, 0.000000000000000e+00, 0.000000000000000e+00, 2.365799635330068e-02
96, 1.560000004000000e-03, -7.672626699379152e-03, -4.569732146360303e-01, 9.245757740162263e-01, 1.755953352315515e-01, -1.072858978244870e-01, 0.000000000000000e+00, 0.000000000000000e+00, 5.578530364478664e-03
97, 5.600000150000000e-04, -4.563214741149958e-03, -4.797803026614779e-01, 9.844883800978999e-01, 4.384179456077385e-02, -1.088498028155448e-01, 0.000000000000000e+00, 0.000000000000000e+00, -4.627178494252082e-04
98, 5.999999800000000e-05, -1.461340714928445e-03, -4.752825663543044e-01, 1.006637851296543e+00, -8.561765325794532e-02, -1.066000164061149e-01, 0.000000000000000e+00, 0.000000000000000e+00, 1.005130503867067e-02
99, 0.000000000000000e+00, 0.000000000000000e+00, -4.532307513718785e-01, 9.939446615283658e-01, -1.631387114096140e-01, -1.044205824700590e-01, 0.000000000000000e+00, 0.000000000000000e+00, 1.296754617384337e-02
100, 5.999999800000000e-05, 1.365803885196404e-03, -4.265284730118299e-01, 9.531956731252457e-01, -2.387865039765477e-01, -9.991608253590074e-02, 0.000000000000000e+00, 0.000000000000000e+00, 3.885676064891692e-02
101, 5.600000150000000e-04, 4.079637127857254e-03, -3.673058646172465e-01, 8.695989240547821e-01, -3.785663340338362e-01, -8.371818888596556e-02, 0.000000000000000e+00, 0.000000000000000e+00, 9.045627689452827e-02
102, 1.560000004000000e-03, 6.657168993953958e-03, -2.686096831272093e-01, 7.125018899263558e-01, -5.166587425243643e-01, -5.896459321007064e-02, 0.000000000000000e+00, 0.000000000000000e+00, 1.508341411210384e-01
103, 3.049999941000000e-03, 9.101186851533957e-03, -1.522770800581749e-01, 5.309959907267771e-01, -5.977965572479386e-01, -3.110746814973649e-02, 0.000000000000000e+00, 0.000000000000000e+00, 1.852802195995269e-01
104, 5.040000193000000e-03, 1.143782006985808e-02, -2.923390418850205e-02, 3.397464121023021e-01, -6.335675272779573e-01, -1.247543755407794e-03, 0.000000000000000e+00, 0.000000000000000e+00, 1.857593200778110e-01
105, 7.519999985000000e-03, 1.365980900201841e-02, 9.508476374617006e-02, 1.589227274302674e-01, -6.378418938739847e-01, 2.852040334989366e-02, 0.000000000000000e+00, 0.000000000000000e+00, 1.528450823508878e-01
106, 1.049000024800000e-02, 1.577483236100317e-02, 1.871532557739608e-01, 1.953967150071026e-02, -6.014561118713654e-01, 4.992725353775133e-02, 0.000000000000000e+00, 0.000000000000000e+00, 6.933212513816206e-02
107, 1.394999958600000e-02, 1.778887423539533e-02, 2.260694589690603e-01, -6.332670694291463e-02, -5.303433205494263e-01, 5.856626489506107e-02, 0.000000000000000e+00, 0.000000000000000e+00, 2.021636266158207e-02
108, 1.789999939500000e-02, 1.970722225132204e-02, 2.750430650124962e-01, -1.429964597555758e-01, -4.744099105814014e-01, 7.029185761659425e-02, 0.000000000000000e+00, 0.000000000000000e+00, 1.053466993213542e-01
109, 2.232000045500000e-02, 2.152718859220005e-02, 4.111716674522597e-01, -2.868955162382550e-01, -4.640679174362579e-01, 1.029919615526739e-01, 0.000000000000000e+00, 0.000000000000000e+00, 2.361741790003463e-01
110, 2.723000012300000e-02, 2.326317836602845e-02, 5.979453948809587e-01, -4.693048293003344e-01, -4.684491304708321e-01, 1.485948368248764e-01, 0.000000000000000e+00, 0.000000000000000e+00, 2.430971298789003e-01
111, 3.260000050100000e-02, 2.491053149413132e-02, 7.273169909307083e-01, -6.003154901756667e-01, -4.458769683536331e-01, 1.812915472196445e-01, 0.000000000000000e+00, 0.000000000000000e+00, 1.118978172398090e-01
112, 3.844000026600000e-02, 2.647886766524364e-02, 7.518805088419659e-01, -6.371367611712038e-01, -3.943962583124140e-01, 1.887112364470546e-01, 0.000000000000000e+00, 0.000000000000000e+00, -3.202751953337427e-02
113, 4.473999887700000e-02, 2.797111513275460e-02, 7.082558415517541e-01, -6.097839539184392e-01, -3.361097856206851e-01, 1.787222705283467e-01, 0.000000000000000e+00, 0.000000000000000e+00, -1.014233166267257e-01
114, 5.149000138000000e-02, 2.939070028378966e-02, 6.484012331688614e-01, -5.641518928827937e-01, -2.863595896119185e-01, 1.639550617518210e-01, 0.000000000000000e+00, 0.000000000000000e+00, -1.056130555125529e-01
115, 5.869000032500000e-02, 3.074305866474258e-02, 5.959009249806040e-01, -5.225412868652399e-01, -2.468712266883961e-01, 1.506464990973141e-01, 0.000000000000000e+00, 0.000000000000000e+00, -8.768220550379628e-02
116, 6.633000075800000e-02, 3.203138293111152e-02, 5.518676743958427e-01, -4.870271181837664e-01, -2.146217912747722e-01, 1.394142817939658e-01, 0.000000000000000e+00, 0.000000000000000e+00, -7.138779764599382e-02
117, 7.440000027400000e-02, 3.325896745610608e-02, 5.132823119148217e-01, -4.554103777298827e-01, -1.875254570804873e-01, 1.295841752523069e-01, 0.000000000000000e+00, 0.000000000000000e+00, -5.943571930600215e-02
118, 8.290000259900000e-02, 3.443040925012778e-02, 4.791818260866196e-01, -4.270415997181981e-01, -1.646769546582544e-01, 1.208917416293992e-01, 0.000000000000000e+00, 0.000000000000000e+00, -5.017746896434461e-02
119, 9.181000292300000e-02, 3.554735260428378e-02, 4.491693666152781e-01, -4.017812731174181e-01, -1.452894571208737e-01, 1.132607555115857e-01, 0.000000000000000e+00, 0.000000000000000e+00, -4.374002865910457e-02
120, 1.011300012470000e-01, 3.661397873658389e-02, 4.224481792673558e-01, -3.790550716385631e-01, -1.286234619106141e-01, 1.064610263422173e-01, 0.000000000000000e+00, 0.000000000000000e+00, -3.950914926133441e-02
121, 1.108499988910000e-01, 3.763290588460660e-02, 3.980652638752075e-01, -3.581275246690881e-01, -1.141316819905199e-01, 1.002846375954860e-01, 0.000000000000000e+00, 0.000000000000000e+00, -3.502186036212480e-02
122, 1.209499984980000e-01, 3.860566342013048e-02, 3.758992697131435e-01, -3.389430743850362e-01, -1.014733133966635e-01, 9.465577160793587e-02, 0.000000000000000e+00, 0.000000000000000e+00, -2.883587876948472e-02
123, 1.314399987460000e-01, 3.953642186223498e-02, 3.561344864121437e-01, -3.217150943064487e-01, -9.046557189439458e-02, 8.963427513247377e-02, 0.000000000000000e+00, 0.000000000000000e+00, -2.214785382518965e-02
124, 1.422899961470000e-01, 4.042540960243395e-02, 3.388637977863185e-01, -3.065693725585212e-01, -8.084474078998576e-02, 8.523732894449365e-02, 0.000000000000000e+00, 0.000000000000000e+00, -1.703264208809686e-02
125, 1.534900069240000e-01, 4.127456815405858e-02, 3.237427840834356e-01, -2.932310219027762e-01, -7.236117245790381e-02, 8.138515096197758e-02, 0.000000000000000e+00, 0.000000000000000e+00, -1.402816776582579e-02
126, 1.650400012730000e-01, 4.208620597774569e-02, 3.102072706497230e-01, -2.812359501632611e-01, -6.476372812779810e-02, 7.795158488675581e-02, 0.000000000000000e+00, 0.000000000000000e+00, -1.262988479093070e-02
127, 1.769299954180000e-01, 4.286149784361121e-02, 2.979235641874604e-01, -2.702887363322422e-01, -5.786935622521747e-02, 7.484029125893443e-02, 0.000000000000000e+00, 0.000000000000000e+00, -1.191596877119904e-02
128, 1.891400069000000e-01, 4.360073419733293e-02, 2.868654245064462e-01, -2.603851672670069e-01, -5.158990613470353e-02, 7.203084333670935e-02, 0.000000000000000e+00, 0.000000000000000e+00, -1.088637213614507e-02
129, 2.016600072380000e-01, 4.430459689941794e-02, 2.771194682094317e-01, -2.516242596836741e-01, -4.586486406848480e-02, 6.955559409644743e-02, 0.000000000000000e+00, 0.000000000000000e+00, -8.893092867881031e-03
130, 2.144699990750000e-01, 4.497292570278722e-02, 2.687490582823682e-01, -2.440726278927704e-01, -4.058727314010008e-02, 6.742122853942066e-02, 0.000000000000000e+00, 0.000000000000000e+00, -6.100428115313357e-03
131, 2.275699973110000e-01, 4.560629252377467e-02, 2.616201440204225e-01, -2.376197617460899e-01, -3.568414262706197e-02, 6.560443333572237e-02, 0.000000000000000e+00, 0.000000000000000e+00, -3.109378481010939e-03
132, 2.409400045870000e-01, 4.620390490826524e-02, 2.555668245191638e-01, -2.321220118267338e-01, -3.105216595047879e-02, 6.406372671000074e-02, 0.000000000000000e+00, 0.000000000000000e+00, -6.793567921462520e-04
133, 2.545700073240000e-01, 4.676514747344344e-02, 2.503858783177287e-01, -2.273909444512635e-01, -2.661215108864026e-02, 6.274274756681313e-02, 0.000000000000000e+00, 0.000000000000000e+00, 8.359765348664942e-04
134, 2.684499919410000e-01, 4.728904167111408e-02, 2.458656513402508e-01, -2.232420771702052e-01, -2.229830984077500e-02, 6.159600250015795e-02, 0.000000000000000e+00, 0.000000000000000e+00, 1.568098922080394e-03
135, 2.825500071050000e-01, 4.777359549350622e-02, 2.419593718133984e-01, -2.196298210934489e-01, -1.804374823167839e-02, 6.059802835191282e-02, 0.000000000000000e+00, 0.000000000000000e+00, 1.968634310925123e-03
136, 2.968699932100000e-01, 4.821760276571244e-02, 2.387152144188530e-01, -2.166047726065488e-01, -1.384790376463427e-02, 5.976569256056128e-02, 0.000000000000000e+00, 0.000000000000000e+00, 2.269674321731585e-03
137, 3.113999962810000e-01, 4.861911462904182e-02, 2.362912712215757e-01, -2.143084204793171e-01, -9.694029894126240e-03, 5.913367012100196e-02, 0.000000000000000e+00, 0.000000000000000e+00, 2.322834873999820e-03
138, 3.261100053790000e-01, 4.897538807844277e-02, 2.346321157303245e-01, -2.127046217337270e-01, -5.559585853489978e-03, 5.869669033582343e-02, 0.000000000000000e+00, 0.000000000000000e+00, 1.976140721019259e-03
139, 3.409900069240000e-01, 4.928401089292190e-02, 2.333281672232691e-01, -2.114155512252863e-01, -1.354576821336630e-03, 5.836482995660189e-02, 0.000000000000000e+00, 0.000000000000000e+00, 1.132905152653941e-03
140, 3.560400009160000e-01, 4.954242105298685e-02, 2.317710483709874e-01, -2.098779322904960e-01, 3.068906051921089e-03, 5.798123155698380e-02, 0.000000000000000e+00, 0.000000000000000e+00, -2.422891338978370e-03
141, 3.712300062180000e-01, 4.974727706131390e-02, 2.296127224087046e-01, -2.077465450669490e-01, 7.786868216873257e-03, 5.744644713919984e-02, 0.000000000000000e+00, 0.000000000000000e+00, -1.327538773717328e-02
142, 3.865399956700000e-01, 4.989536003033288e-02, 2.273284532678876e-01, -2.054572809284608e-01, 1.265891859399516e-02, 5.683429677123839e-02, 0.000000000000000e+00, 0.000000000000000e+00, -2.553704259505786e-02
143, 4.019699990750000e-01, 4.998346818680256e-02, 2.261550415202398e-01, -2.041845061724397e-01, 1.738097850876432e-02, 5.649713735915420e-02, 0.000000000000000e+00, 0.000000000000000e+00, -9.071953467371785e-04
144, 4.174999892710000e-01, 5.000806751937146e-02, 2.273710818099812e-01, -2.051301453279587e-01, 2.211502116621451e-02, 5.680691791571013e-02, 0.000000000000000e+00, 0.000000000000000e+00, 1.168171246673405e-01
145, 4.331099987030000e-01, 4.996565496957039e-02, 2.303484583146371e-01, -2.077386935903607e-01, 2.745031994435042e-02, 5.760174726224754e-02, 0.000000000000000e+00, 0.000000000000000e+00, 2.595759006818624e-01
146, 4.487800002100000e-01, 4.985282045314965e-02, 2.329008613278938e-01, -2.099922820013198e-01, 3.321906847502091e-02, 5.822271788716490e-02, 0.000000000000000e+00, 0.000000000000000e+00, 1.960234112764075e-01
147, 4.645099937920000e-01, 4.966602970920498e-02, 2.337489436428054e-01, -2.105492124528804e-01, 3.898808289464278e-02, 5.836086198263196e-02, 0.000000000000000e+00, 0.000000000000000e+00, 2.483201712533557e-02
148, 4.802699983120000e-01, 4.940216288265008e-02, 2.329747216608328e-01, -2.093178931271276e-01, 4.487221525351835e-02, 5.812683285777139e-02, 0.000000000000000e+00, 0.000000000000000e+00, -6.150885973660165e-02
149, 4.960500001910000e-01, 4.905810837267408e-02, 2.306664601450048e-01, -2.064467037270539e-01, 5.091355254771847e-02, 5.751208269137342e-02, 0.000000000000000e+00, 0.000000000000000e+00, -6.603049182298353e-02
150, 5.118399858470000e-01, 4.863092385919147e-02, 2.262271944202665e-01, -2.013958514446024e-01, 5.711475642558182e-02, 5.640943814464200e-02, 0.000000000000000e+00, 0.000000000000000e+00, -4.213166710716344e-02
151, 5.276100039480000e-01, 4.811860561949862e-02, 2.190419466114736e-01, -1.935094791042937e-01, 6.346579221019438e-02, 5.460506698375903e-02, 0.000000000000000e+00, 0.000000000000000e+00, -2.527806249152893e-02
152, 5.433599948880000e-01, 4.751868449453708e-02, 2.086486211023153e-01, -1.823200412358973e-01, 6.984592478926265e-02, 5.199929738609047e-02, 0.000000000000000e+00, 0.000000000000000e+00, -1.896080205798654e-02
153, 5.590599775310000e-01, 4.683025402831967e-02, 1.955894271166331e-01, -1.683291106657866e-01, 7.617621204062761e-02, 4.871152849723605e-02, 0.000000000000000e+00, 0.000000000000000e+00, -1.606929904186448e-02
154, 5.747100114820000e-01, 4.605175750433251e-02, 1.809700250143913e-01, -1.526578524163456e-01, 8.236557006463119e-02, 4.501318982722059e-02, 0.000000000000000e+00, 0.000000000000000e+00, -1.195799775716470e-02
155, 5.902799963950000e-01, 4.518371039493296e-02, 1.656483621689206e-01, -1.361471077563400e-01, 8.838209104722294e-02, 4.115309678073290e-02, 0.000000000000000e+00, 0.000000000000000e+00, -7.267317379771729e-03
156, 6.057599782940000e-01, 4.422641787784660e-02, 1.501873190336074e-01, -1.193347086170497e-01, 9.426056584448636e-02, 3.723858450636363e-02, 0.000000000000000e+00, 0.000000000000000e+00, -4.322051710703881e-03
157, 6.211299896240000e-01, 4.318157153314513e-02, 1.345378108774085e-01, -1.021836747042328e-01, 9.991256421783831e-02, 3.328277671457937e-02, 0.000000000000000e+00, 0.000000000000000e+00, -3.647077305090884e-03
158, 6.363800168040000e-01, 4.205107006577165e-02, 1.186728683004373e-01, -8.461279203475677e-02, 1.053322224159160e-01, 2.925566049689992e-02, 0.000000000000000e+00, 0.000000000000000e+00, -4.077160137256892e-03
159, 6.514999866490000e-01, 4.083759220838694e-02, 1.024922738318473e-01, -6.656539635011803e-02, 1.104416409088370e-01, 2.515754646137596e-02, 0.000000000000000e+00, 0.000000000000000e+00, -4.313292560454157e-03
160, 6.664699912070000e-01, 3.954550424500993e-02, 8.602708778336678e-02, -4.802763749645438e-02, 1.151758014153947e-01, 2.099254489728012e-02, 0.000000000000000e+00, 0.000000000000000e+00, -4.093681025334438e-03
161, 6.812700033190000e-01, 3.818024389620090e-02, 6.943927596698191e-02, -2.919341974670552e-02, 1.195469336868443e-01, 1.678300623322230e-02, 0.000000000000000e+00, 0.000000000000000e+00, -3.815015885338119e-03
162, 6.958900094030001e-01, 3.674728881281319e-02, 5.268646908845419e-02, -9.994080936980182e-03, 1.234178652213777e-01, 1.254789538603576e-02, 0.000000000000000e+00, 0.000000000000000e+00, -3.605376503476029e-03
163, 7.103199958800001e-01, 3.525290967556566e-02, 3.600154505272390e-02, 9.312300302897340e-03, 1.268649887395407e-01, 8.308818672538085e-03, 0.000000000000000e+00, 0.000000000000000e+00, -3.533676862334053e-03
164, 7.245299816130000e-01, 3.370635733772234e-02, 1.929510957308647e-02, 2.882740238371680e-02, 1.297399964964475e-01, 4.084783767956523e-03, 0.000000000000000e+00, 0.000000000000000e+00, -3.418082367533235e-03
165, 7.385200262070000e-01, 3.211447816414304e-02, 2.804145301727962e-03, 4.828453714790043e-02, 1.321421903375304e-01, -1.076854027863565e-04, 0.000000000000000e+00, 0.000000000000000e+00, -3.321350288870679e-03
166, 7.522799968720000e-01, 3.048575958098528e-02, -1.355268800007530e-02, 6.777550711533242e-02, 1.339282791476648e-01, -4.244544879388420e-03, 0.000000000000000e+00, 0.000000000000000e+00, -3.118263736335129e-03
167, 7.657799720760000e-01, 2.883168175367658e-02, -2.951087885033919e-02, 8.699995074070543e-02, 1.352295180683481e-01, -8.303399746427107e-03, 0.000000000000000e+00, 0.000000000000000e+00, -2.969195854173442e-03
168, 7.790099978450000e-01, 2.716188040223928e-02, -4.516769176660838e-02, 1.060557056306865e-01, 1.359046290329236e-01, -1.227005210944728e-02, 0.000000000000000e+00, 0.000000000000000e+00, -2.752857030417191e-03
169, 7.919700145720000e-01, 2.548496419467609e-02, -6.032151094944474e-02, 1.247079786679808e-01, 1.360908668960667e-01, -1.613444202308062e-02, 0.000000000000000e+00, 0.000000000000000e+00, -2.627162158681011e-03
170, 8.046399950980000e-01, 2.381224170924803e-02, -7.509479357108959e-02, 1.430870689481414e-01, 1.356611434185120e-01, -1.988502764544811e-02, 0.000000000000000e+00, 0.000000000000000e+00, -2.485982167996254e-03
171, 8.170099854470000e-01, 2.215372604100579e-02, -8.928487009998438e-02, 1.609520906996660e-01, 1.347724698358504e-01, -2.351093901069054e-02, 0.000000000000000e+00, 0.000000000000000e+00, -2.414045260631931e-03
172, 8.290500044819999e-01, 2.052185884692394e-02, -1.029722657950950e-01, 1.783838189445836e-01, 1.333454718156100e-01, -2.698732266305762e-02, 0.000000000000000e+00, 0.000000000000000e+00, -2.325301286787622e-03
173, 8.407700061800000e-01, 1.892300355346217e-02, -1.159486549118658e-01, 1.951548092451382e-01, 1.315721964085888e-01, -3.031998055692783e-02, 0.000000000000000e+00, 0.000000000000000e+00, -2.290893636516907e-03
174, 8.521599769590000e-01, 1.736500968327844e-02, -1.283826928344947e-01, 2.114013656302904e-01, 1.294239224041326e-01, -3.347275247945652e-02, 0.000000000000000e+00, 0.000000000000000e+00, -2.216585850145873e-03
175, 8.631799817090000e-01, 1.585803976757655e-02, -1.400902305511636e-01, 2.269832082882515e-01, 1.271592646506405e-01, -3.648174297832165e-02, 0.000000000000000e+00, 0.000000000000000e+00, -2.273234876654661e-03
176, 8.738499879840000e-01, 1.440172584845217e-02, -1.513327955096696e-01, 2.421871834585042e-01, 1.248411980844139e-01, -3.936263331795656e-02, 0.000000000000000e+00, 0.000000000000000e+00, -2.417786459053975e-03
177, 8.841500282290000e-01, 1.299864422629904e-02, -1.623318585737419e-01, 2.573206935291129e-01, 1.226077326215194e-01, -4.219030709703360e-02, 0.000000000000000e+00, 0.000000000000000e+00, -2.676163708362374e-03
178, 8.940600156780000e-01, 1.164942614906395e-02, -1.734574268579809e-01, 2.728654322405609e-01, 1.205049851261907e-01, -4.504946764778965e-02, 0.000000000000000e+00, 0.000000000000000e+00, -3.051388385765838e-03
179, 9.035800099370001e-01, 1.035168880011081e-02, -1.851371203913483e-01, 2.893793959303094e-01, 1.183814899567743e-01, -4.806936367571723e-02, 0.000000000000000e+00, 0.000000000000000e+00, -3.470568185248147e-03
180, 9.126999974250000e-01, 9.106975323377172e-03, -1.977741738341933e-01, 3.073822777666146e-01, 1.158371421260797e-01, -5.132793233497094e-02, 0.000000000000000e+00, 0.000000000000000e+00, -3.768219316923735e-03
181, 9.214000105860000e-01, 7.924089689074173e-03, -2.113582647721653e-01, 3.268608174408598e-01, 1.123097974567524e-01, -5.485753259054956e-02, 0.000000000000000e+00, 0.000000000000000e+00, -3.831341957230083e-03
182, 9.296900033950000e-01, 6.816112037128088e-03, -2.255614241717603e-01, 3.473598551672344e-01, 1.070965321218560e-01, -5.853594989778152e-02, 0.000000000000000e+00, 0.000000000000000e+00, -3.509046643444872e-03
183, 9.375399947170000e-01, 5.809345425543493e-03, -2.393429093023993e-01, 3.675100844091749e-01, 9.980521498141084e-02, -6.214161715786198e-02, 0.000000000000000e+00, 0.000000000000000e+00, -2.966626392735818e-03
184, 9.449599981310000e-01, 4.927904981089234e-03, -2.515878528340511e-01, 3.858067681506445e-01, 9.043304838951603e-02, -6.536086236759010e-02, 0.000000000000000e+00, 0.000000000000000e+00, -2.419817253637968e-03
185, 9.519400000570000e-01, 4.192901155332994e-03, -2.610671652629492e-01, 4.006686547316448e-01, 7.976052077196104e-02, -6.791745461869488e-02, 0.000000000000000e+00, 0.000000000000000e+00, -2.291510831210895e-03
186, 9.584699869160000e-01, 3.609627094739990e-03, -2.671437911348066e-01, 4.113226189046102e-01, 6.913449759967281e-02, -6.964212835319809e-02, 0.000000000000000e+00, 0.000000000000000e+00, -2.889764092541164e-03
187, 9.645400047300000e-01, 3.161161205296252e-03, -2.699446649774440e-01, 4.181123828706641e-01, 6.036778852715710e-02, -7.059270741102018e-02, 0.000000000000000e+00, 0.000000000000000e+00, -4.432522997598071e-03
188, 9.701499938960000e-01, 2.809491467911872e-03, -2.708112983126835e-01, 4.230744364621265e-01, 5.513898164397068e-02, -7.112185481891764e-02, 0.000000000000000e+00, 0.000000000000000e+00, -7.066166356663805e-03
189, 9.752799868580000e-01, 2.507781001259643e-03, -2.722761529436227e-01, 4.298348882672219e-01, 5.442535521883275e-02, -7.190120498700148e-02, 0.000000000000000e+00, 0.000000000000000e+00, -1.113079398555842e-02
190, 9.799500107769999e-01, 2.211392968847320e-03, -2.776832114500072e-01, 4.430646059713059e-01, 5.790259638163713e-02, -7.380122247153713e-02, 0.000000000000000e+00, 0.000000000000000e+00, -1.670442336091797e-02
191, 9.841300249100000e-01, 1.895883653988954e-03, -2.899307169531777e-01, 4.668358303260579e-01, 6.365915356482094e-02, -7.760163580758159e-02, 0.000000000000000e+00, 0.000000000000000e+00, -2.348640100436577e-02
192, 9.878399968150000e-01, 1.555176701139143e-03, -3.105599965506427e-01, 5.033749331257189e-01, 6.888791128925101e-02, -8.372589254691389e-02, 0.000000000000000e+00, 0.000000000000000e+00, -3.082960203700430e-02
193, 9.910500049590000e-01, 1.205771516385362e-03, -3.393889379180769e-01, 5.535826269731648e-01, 7.092754869100859e-02, -9.225385068974812e-02, 0.000000000000000e+00, 0.000000000000000e+00, -3.922727943650534e-02
194, 9.937800168990000e-01, 8.686683221913284e-04, -3.755787600725676e-01, 6.180274563524623e-01, 6.887359395526672e-02, -1.032354335384060e-01, 0.000000000000000e+00, 0.000000000000000e+00, -5.990618068497240e-02
195, 9.960200190539999e-01, 5.681915659682201e-04, -4.253117751730610e-01, 7.104471029913519e-01, 6.121439674662967e-02, -1.202913500134963e-01, 0.000000000000000e+00, 0.000000000000000e+00, -7.799308598357713e-02
196, 9.977599978450000e-01, 3.234784332393659e-04, -4.781818714855365e-01, 8.240926476201151e-01, 4.077059760778987e-02, -1.390891684002118e-01, 0.000000000000000e+00, 0.000000000000000e+00, -8.066452819806208e-02
197, 9.990000128750000e-01, 1.451047888015128e-04, -5.297460986269065e-01, 9.874341794348424e-01, 4.800123241346084e-02, -1.618113657123533e-01, 0.000000000000000e+00, 0.000000000000000e+00, -9.816199123404832e-01
198, 9.997500181200000e-01, 3.632660515898949e-05, -9.355140734621915e-01, 1.904517551096402e+00, 5.392953878086207e-03, -4.071221212849678e-01, 0.000000000000000e+00, 0.000000000000000e+00, 1.050101945118928e+00
199, 1.000000000000000e+00, 0.000000000000000e+00, -3.200702015003293e-01, 6.453253475654723e-01, -2.021618654499626e+00, -1.082251075776424e-01, 0.000000000000000e+00, 0.000000000000000e+00, -6.039646859073540e-03
