"Time_Iter","Outer_Iter","Inner_Iter",    "rms[Rho]"    ,    "rms[RhoU]"   ,    "rms[RhoV]"   ,    "rms[RhoE]"   ,     "rms[nu]"    
          0,           0,           0,      -4.164141138,      -13.49560657,      -13.56991092,      -2.116433707,      -9.128089902
          0,           0,           1,      -4.579334891,      -3.510619866,      -3.727983564,      -2.530183839,       -9.42250154
          0,           0,           2,      -4.733349322,       -3.58515503,      -3.827241401,      -2.680325485,       -9.76147417
          0,           0,           3,      -4.731894457,      -3.663013453,      -4.011808838,      -2.678447441,      -10.02695014
          0,           0,           4,      -4.779580161,      -3.731243679,      -4.060253732,       -2.72708805,      -10.17980277
          0,           0,           5,      -4.836187301,      -3.788830696,      -4.055660718,      -2.784837926,      -10.27728243
          0,           0,           6,      -4.878251867,      -3.839073358,      -4.071538638,      -2.828207915,      -10.35034172
          0,           0,           7,      -4.907412981,      -3.884710947,      -4.094744293,      -2.858511484,       -10.4258937
          0,           0,           8,      -4.925220948,      -3.927193512,      -4.110894724,      -2.877074153,      -10.48164935
          0,           0,           9,      -4.932975315,      -3.966529346,      -4.115357889,      -2.885235272,      -10.52518966
          0,           0,          10,      -4.933071818,      -4.001733319,      -4.109707485,      -2.885569481,      -10.56189414
          0,           0,          11,      -4.928195713,      -4.031242945,      -4.097650337,      -2.880935412,      -10.59369154
          0,           0,          12,      -4.920869324,      -4.053426539,        -4.0827238,      -2.873959411,      -10.62185729
          0,           0,          13,      -4.913043985,      -4.067096377,      -4.067538042,      -2.866636047,      -10.64954399
          0,           0,          14,      -4.905845189,      -4.071989548,      -4.053689304,      -2.860090175,      -10.68152857
          0,           0,          15,      -4.899726953,      -4.068969874,      -4.041985377,       -2.85474729,      -10.70631406
          0,           0,          16,      -4.894657986,      -4.059761654,      -4.032642806,      -2.850532571,      -10.72765637
          0,           0,          17,      -4.890306369,      -4.046409188,      -4.025454834,      -2.847064337,      -10.74680276
          0,           0,          18,       -4.88620054,      -4.030785631,      -4.019951908,      -2.843823022,      -10.76411609
          0,           0,          19,      -4.881850022,      -4.014335058,      -4.015551538,      -2.840279308,      -10.77979631
          0,           0,          20,      -4.876823327,      -3.998035227,      -4.011684638,      -2.835976824,      -10.79402957
          0,           0,          21,      -4.870794506,      -3.982478419,      -4.007882848,      -2.830579269,      -10.80774664
          0,           0,          22,      -4.863570594,      -3.967981082,      -4.003817452,        -2.8238945,      -10.82351763
          0,           0,          23,      -4.855103792,      -3.954676146,       -3.99929449,      -2.815881367,      -10.83677058
          0,           0,          24,      -4.845484089,        -3.9425793,      -3.994223835,      -2.806637249,      -10.84712324
          0,           0,          25,      -4.834908259,      -3.931633551,      -3.988583745,      -2.796363808,      -10.85565419
          0,           0,          26,      -4.823628607,      -3.921741251,      -3.982395817,      -2.785314458,      -10.86266035
          0,           0,          27,      -4.811894538,      -3.912789677,      -3.975714269,      -2.773736222,      -10.86823927
          0,           0,          28,       -4.79990313,      -3.904671828,      -3.968625558,      -2.761821615,      -10.87243689
          0,           0,          29,      -4.787769989,       -3.89730075,      -3.961249793,      -2.749681258,      -10.87525243
          0,           0,          30,      -4.775525724,      -3.890616584,       -3.95373725,      -2.737342382,      -10.87668538
          0,           0,          31,      -4.763135509,      -3.884585082,      -3.946257027,      -2.724770468,      -10.87706322
          0,           0,          32,      -4.750533119,      -3.879189029,      -3.938979087,      -2.711904905,       -10.8772896
          0,           0,          33,      -4.737658791,      -3.874418404,      -3.932053694,      -2.698697476,      -10.87629189
          0,           0,          34,       -4.72448983,      -3.870259106,       -3.92559311,      -2.685142196,      -10.87345311
          0,           0,          35,      -4.711056619,      -3.866685065,      -3.919659115,      -2.671289246,      -10.86925221
          0,           0,          36,      -4.697442327,      -3.863655673,      -3.914257934,        -2.6572419,      -10.86403034
          0,           0,          37,      -4.683770192,      -3.861116662,      -3.909341896,      -2.643141173,      -10.85802566
          0,           0,          38,      -4.670185186,      -3.859001037,      -3.904815609,      -2.629145707,      -10.85144053
          0,           0,          39,      -4.656836527,      -3.857228331,      -3.900544004,      -2.615413634,      -10.84448284
          0,           0,          40,      -4.643864675,      -3.855700577,      -3.896360841,      -2.602089864,       -10.8373508
          0,           0,          41,      -4.631393227,      -3.854295262,      -3.892077399,      -2.589298836,      -10.83023909
          0,           0,          42,       -4.61952405,      -3.852857396,      -3.887492617,      -2.577140618,      -10.82332715
          0,           0,          43,      -4.608333679,      -3.851194586,      -3.882406498,      -2.565688167,      -10.81676584
          0,           0,          44,       -4.59786973,      -3.849078863,      -3.876637944,      -2.554984336,      -10.81067911
          0,           0,          45,       -4.58814759,      -3.846259018,      -3.870045896,      -2.545038981,       -10.8050889
          0,           0,          46,      -4.579148665,      -3.842484327,       -3.86255026,      -2.535827543,      -10.79989511
          0,           0,          47,      -4.570821644,       -3.83753704,      -3.854147403,      -2.527292654,      -10.79500792
          0,           0,          48,      -4.563087826,      -3.831267539,      -3.844915272,      -2.519349916,      -10.79040574
          0,           0,          49,       -4.55585039,      -3.823623445,      -3.835005823,      -2.511897657,      -10.78603568
          0,           0,          50,      -4.549006225,      -3.814664339,      -3.824626049,      -2.504829241,      -10.78181687
          0,           0,          51,      -4.542458081,      -3.804557565,      -3.814012029,      -2.498045561,      -10.77765282
          0,           0,          52,      -4.536124496,       -3.79355636,      -3.803401745,       -2.49146505,      -10.77344986
          0,           0,          53,      -4.529945512,      -3.781966434,      -3.793011748,      -2.485029211,      -10.76914083
          0,           0,          54,      -4.523883316,      -3.770109495,      -3.783020815,       -2.47870283,      -10.76467501
          0,           0,          55,      -4.517918389,      -3.758290897,      -3.773561428,      -2.472469573,      -10.76002213
          0,           0,          56,      -4.512042854,      -3.746776063,       -3.76471833,      -2.466324786,      -10.75516862
          0,           0,          57,      -4.506253187,      -3.735776679,      -3.756532353,      -2.460267807,      -10.75012374
          0,           0,          58,      -4.500544281,      -3.725445633,      -3.749007492,      -2.454295797,      -10.74487821
          0,           0,          59,      -4.494906072,      -3.715878439,      -3.742119402,      -2.448400321,      -10.73948366
          0,           0,          60,      -4.489323094,      -3.707118825,      -3.735823851,      -2.442566988,      -10.73393697
          0,           0,          61,      -4.483776413,      -3.699166555,      -3.730064136,      -2.436777544,      -10.72823679
          0,           0,          62,      -4.478246978,       -3.69198609,      -3.724776988,      -2.431013376,      -10.72239002
          0,           0,          63,      -4.472719208,      -3.685515277,      -3.719896825,      -2.425259222,      -10.71643572
          0,           0,          64,       -4.46718384,      -3.679673502,      -3.715358482,      -2.419506106,      -10.71045657
          0,           0,          65,      -4.461639423,       -3.67436892,      -3.711098716,      -2.413752846,      -10.70453242
          0,           0,          66,      -4.456092302,      -3.669504995,      -3.707056879,      -2.408006034,      -10.69869152
          0,           0,          67,      -4.450555327,      -3.664985994,      -3.703175153,      -2.402278719,      -10.69292035
          0,           0,          68,      -4.445045685,      -3.660721422,      -3.699398586,      -2.396588218,      -10.68729771
          0,           0,          69,      -4.439582412,      -3.656629388,      -3.695675126,      -2.390953602,       -10.6819152
          0,           0,          70,      -4.434184019,      -3.652638865,      -3.691955788,      -2.385393322,        -10.676789
          0,           0,          71,      -4.428866569,      -3.648690907,      -3.688194999,      -2.379923288,      -10.67186079
          0,           0,          72,      -4.423642338,      -3.644738911,       -3.68435111,      -2.374555536,       -10.6669841
          0,           0,          73,      -4.418519078,      -3.640748118,      -3.680387071,      -2.369297517,      -10.66226262
          0,           0,          74,      -4.413499792,      -3.636694518,      -3.676271177,       -2.36415189,      -10.65771679
          0,           0,          75,      -4.408582904,      -3.632563425,      -3.671977845,      -2.359116705,      -10.65336477
          0,           0,          76,      -4.403762664,      -3.628347883,      -3.667488326,      -2.354185844,      -10.64901642
          0,           0,          77,      -4.399029716,      -3.624047074,      -3.662791249,      -2.349349597,      -10.64475497
          0,           0,          78,      -4.394371727,      -3.619664842,      -3.657882942,      -2.344595321,      -10.64061022
          0,           0,          79,      -4.389774054,      -3.615208363,      -3.652767411,      -2.339908118,      -10.63658036
          0,           0,          80,      -4.385220429,      -3.610687014,      -3.647455987,      -2.335271536,      -10.63246602
          0,           0,          81,      -4.380693667,      -3.606111403,      -3.641966589,      -2.330668281,      -10.62836284
          0,           0,          82,       -4.37617637,      -3.601492561,      -3.636322686,      -2.326080932,      -10.62431548
          0,           0,          83,       -4.37165164,      -3.596841313,      -3.630551998,      -2.321492635,         -10.62026
          0,           0,          84,      -4.367103749,      -3.592167808,      -3.624685055,      -2.316887774,       -10.6160766
          0,           0,          85,      -4.362518757,      -3.587481245,      -3.618753708,      -2.312252566,      -10.61184652
          0,           0,          86,      -4.357885038,      -3.582789791,      -3.612789708,      -2.307575574,      -10.60758895
          0,           0,          87,      -4.353193679,      -3.578100702,      -3.606823428,      -2.302848083,      -10.60323176
          0,           0,          88,      -4.348438756,      -3.573420633,      -3.600882806,      -2.298064364,      -10.59884193
          0,           0,          89,      -4.343617461,      -3.568756081,      -3.594992544,      -2.293221775,      -10.59435465
          0,           0,          90,      -4.338730097,      -3.564113922,      -3.589173579,      -2.288320757,      -10.58974091
          0,           0,          91,      -4.333779966,      -3.559501963,      -3.583442818,      -2.283364697,      -10.58505327
          0,           0,          92,      -4.328773153,      -3.554929425,      -3.577813125,      -2.278359722,      -10.58032782
          0,           0,          93,      -4.323718264,      -3.550407272,      -3.572293515,      -2.273314423,       -10.5755486
          0,           0,          94,      -4.318626115,      -3.545948365,      -3.566889503,      -2.268239554,      -10.57064708
          0,           0,          95,      -4.313509389,      -3.541567357,      -3.561603568,      -2.263147685,      -10.56568686
          0,           0,          96,      -4.308382293,      -3.537280328,      -3.556435668,      -2.258052873,       -10.5607051
          0,           0,          97,      -4.303260219,      -3.533104181,      -3.551383766,      -2.252970319,      -10.55574486
          0,           0,          98,      -4.298159416,      -3.529055807,      -3.546444323,      -2.247916063,      -10.55068392
          0,           0,          99,      -4.293096674,      -3.525151083,      -3.541612719,       -2.24290667,      -10.54555578
          0,           0,         100,      -4.288089024,      -3.521403758,      -3.536883582,      -2.237958949,      -10.54043706
          0,           0,         101,      -4.283153439,      -3.517824293,      -3.532251023,      -2.233089673,      -10.53537881
          0,           0,         102,      -4.278306548,      -3.514418778,      -3.527708776,      -2.228315308,      -10.53034737
          0,           0,         103,      -4.273564344,      -3.511187859,      -3.523250284,      -2.223651741,      -10.52531084
          0,           0,         104,      -4.268941892,      -3.508125906,      -3.518868704,      -2.219114009,      -10.52033435
          0,           0,         105,      -4.264453043,        -3.5052204,      -3.514556901,      -2.214716029,      -10.51546625
          0,           0,         106,       -4.26011015,      -3.502451643,      -3.510307437,      -2.210470324,      -10.51069527
          0,           0,         107,      -4.255923788,       -3.49979281,      -3.506112609,      -2.206387755,      -10.50597254
          0,           0,         108,      -4.251902499,      -3.497210435,       -3.50196453,      -2.202477254,      -10.50131045
          0,           0,         109,      -4.248052548,      -3.494665338,      -3.497855293,      -2.198745581,      -10.49674609
          0,           0,         110,      -4.244377726,      -3.492114024,      -3.493777219,      -2.195197095,      -10.49227433
          0,           0,         111,      -4.240879198,      -3.489510523,      -3.489723178,      -2.191833564,      -10.48788921
          0,           0,         112,      -4.237555407,      -3.486808627,      -3.485686975,      -2.188654025,       -10.4835128
          0,           0,         113,      -4.234402051,      -3.483964409,      -3.481663789,      -2.185654693,      -10.47923467
          0,           0,         114,      -4.231412143,      -3.480938884,      -3.477650623,      -2.182828954,       -10.4750479
          0,           0,         115,      -4.228576157,      -3.477700614,      -3.473646757,      -2.180167429,      -10.47089559
          0,           0,         116,      -4.225882273,      -3.474228053,      -3.469654153,      -2.177658135,      -10.46666495
          0,           0,         117,      -4.223316706,      -3.470511419,      -3.465677799,      -2.175286744,      -10.46245791
          0,           0,         118,      -4.220864129,      -3.466553901,       -3.46172597,      -2.173036937,      -10.45830876
          0,           0,         119,      -4.218508169,      -3.462372089,      -3.457810372,      -2.170890856,      -10.45427498
          0,           0,         120,      -4.216231964,      -3.457995551,       -3.45394618,      -2.168829638,      -10.45014979
          0,           0,         121,      -4.214018753,      -3.453465605,      -3.450151943,      -2.166834026,      -10.44596086
          0,           0,         122,       -4.21185247,      -3.448833367,      -3.446449359,      -2.164885015,       -10.4417997
          0,           0,         123,      -4.209718319,      -3.444157255,      -3.442862933,      -2.162964523,      -10.43775156
          0,           0,         124,       -4.20760329,       -3.43950012,      -3.439419509,      -2.161056043,      -10.43368235
          0,           0,         125,      -4.205496587,       -3.43492623,      -3.436147692,      -2.159145243,      -10.42960205
          0,           0,         126,      -4.203389941,      -3.430498264,      -3.433077167,      -2.157220469,      -10.42568095
          0,           0,         127,      -4.201277787,       -3.42627449,      -3.430237927,      -2.155273137,      -10.42190267
          0,           0,         128,      -4.199157295,      -3.422306217,      -3.427659415,       -2.15329796,      -10.41809981
          0,           0,         129,      -4.197028247,      -3.418635627,      -3.425369605,      -2.151293018,      -10.41423828
          0,           0,         130,      -4.194892774,      -3.415294022,      -3.423394025,      -2.149259642,      -10.41050593
          0,           0,         131,      -4.192754967,      -3.412300517,      -3.421754746,      -2.147202128,      -10.40698713
          0,           0,         132,      -4.190620396,      -3.409661229,      -3.420469354,      -2.145127302,      -10.40356089
          0,           0,         133,      -4.188495552,      -3.407368962,      -3.419549936,      -2.143043944,      -10.40002468
          0,           0,         134,      -4.186387271,      -3.405403454,      -3.419002097,      -2.140962133,      -10.39650409
          0,           0,         135,      -4.184302154,      -3.403732198,      -3.418824059,      -2.138892531,      -10.39306898
          0,           0,         136,      -4.182246042,      -3.402311887,      -3.419005875,      -2.136845669,      -10.38970916
          0,           0,         137,      -4.180223555,       -3.40109049,      -3.419528816,       -2.13483126,      -10.38620227
          0,           0,         138,       -4.17823773,      -3.400009956,      -3.420364998,      -2.132857598,      -10.38262573
          0,           0,         139,       -4.17628978,      -3.399009454,      -3.421477301,      -2.130931049,      -10.37901639
          0,           0,         140,      -4.174378976,      -3.398029014,      -3.422819664,      -2.129055689,      -10.37534114
          0,           0,         141,      -4.172502664,      -3.397013343,      -3.424337804,      -2.127233089,      -10.37152651
          0,           0,         142,      -4.170656402,      -3.395915529,      -3.425970427,      -2.125462258,      -10.36748562
          0,           0,         143,      -4.168834212,      -3.394700272,      -3.427650938,       -2.12373974,      -10.36332615
          0,           0,         144,      -4.167028921,      -3.393346333,      -3.429309646,      -2.122059866,       -10.3591075
          0,           0,         145,      -4.165232573,      -3.391847879,      -3.430876379,      -2.120415123,      -10.35471041
          0,           0,         146,       -4.16343687,      -3.390214557,       -3.43228338,      -2.118796625,      -10.35007638
          0,           0,         147,      -4.161633615,      -3.388470231,      -3.433468285,      -2.117194643,      -10.34527987
          0,           0,         148,      -4.159815126,      -3.386650476,      -3.434376951,      -2.115599161,       -10.3404281
          0,           0,         149,      -4.157974581,      -3.384799067,      -3.434965844,      -2.114000409,      -10.33549813
          0,           0,         150,      -4.156106268,       -3.38296376,      -3.435203766,      -2.112389325,      -10.33048412
          0,           0,         151,      -4.154205716,      -3.381191737,      -3.435072711,      -2.110757922,      -10.32529592
          0,           0,         152,      -4.152269705,      -3.379525076,      -3.434567744,      -2.109099515,      -10.32002662
          0,           0,         153,      -4.150296129,      -3.377996556,      -3.433695936,      -2.107408789,        -10.314689
          0,           0,         154,      -4.148283745,      -3.376626067,      -3.432474452,      -2.105681708,      -10.30937987
          0,           0,         155,      -4.146231808,      -3.375417853,      -3.430928031,      -2.103915257,      -10.30409834
          0,           0,         156,      -4.144139631,      -3.374358727,      -3.429086133,      -2.102107052,      -10.29883028
          0,           0,         157,      -4.142006098,      -3.373417423,      -3.426980062,      -2.100254843,      -10.29348451
          0,           0,         158,      -4.139829185,       -3.37254518,      -3.424640318,       -2.09835596,      -10.28815893
          0,           0,         159,      -4.137605509,      -3.371677634,      -3.422094422,       -2.09640675,      -10.28285122
          0,           0,         160,      -4.135329979,      -3.370738047,       -3.41936536,      -2.094402074,      -10.27759011
          0,           0,         161,      -4.132995559,      -3.369641783,      -3.416470727,      -2.092334892,      -10.27234418
          0,           0,         162,       -4.13059319,       -3.36830183,      -3.413422568,      -2.090196024,      -10.26704517
          0,           0,         163,      -4.128111885,      -3.366635028,      -3.410227845,      -2.087974082,      -10.26178778
          0,           0,         164,      -4.125539009,       -3.36456845,      -3.406889402,      -2.085655634,      -10.25658202
          0,           0,         165,      -4.122860725,       -3.36204532,      -3.403407273,      -2.083225575,      -10.25141467
          0,           0,         166,      -4.120062593,      -3.359029759,      -3.399780159,      -2.080667712,      -10.24621543
          0,           0,         167,      -4.117130274,      -3.355509782,      -3.396006874,      -2.077965516,      -10.24088866
          0,           0,         168,      -4.114050298,      -3.351498148,      -3.392087589,      -2.075102995,       -10.2356317
          0,           0,         169,      -4.110810814,      -3.347030955,      -3.388024725,      -2.072065603,      -10.23052485
          0,           0,         170,      -4.107402291,      -3.342164199,      -3.383823419,      -2.068841129,      -10.22559156
          0,           0,         171,      -4.103818069,      -3.336968772,      -3.379491507,       -2.06542047,      -10.22073944
          0,           0,         172,      -4.100054753,      -3.331524562,      -3.375039039,      -2.061798216,      -10.21574729
          0,           0,         173,      -4.096112387,      -3.325914338,      -3.370477408,       -2.05797301,      -10.21080161
          0,           0,         174,      -4.091994412,      -3.320218036,      -3.365818206,      -2.053947631,      -10.20603235
          0,           0,         175,      -4.087707425,      -3.314507926,      -3.361071956,      -2.049728808,       -10.2015585
          0,           0,         176,      -4.083260757,      -3.308844964,      -3.356246887,      -2.045326795,      -10.19733136
          0,           0,         177,      -4.078665948,       -3.30327648,       -3.35134791,      -2.040754761,      -10.19320682
          0,           0,         178,      -4.073936162,      -3.297835193,      -3.346375933,       -2.03602805,      -10.18895601
          0,           0,         179,      -4.069085633,      -3.292539503,      -3.341327631,      -2.031163428,      -10.18480075
          0,           0,         180,      -4.064129187,      -3.287394898,      -3.336195739,      -2.026178379,      -10.18096778
          0,           0,         181,      -4.059081918,      -3.282396294,      -3.330969888,      -2.021090521,      -10.17742575
          0,           0,         182,      -4.053959039,      -3.277531102,       -3.32563796,      -2.015917227,      -10.17410653
          0,           0,         183,      -4.048775927,      -3.272782757,      -3.320187869,      -2.010675464,      -10.17075398
          0,           0,         184,      -4.043548355,      -3.268134452,      -3.314609647,      -2.005381868,      -10.16724166
          0,           0,         185,      -4.038292887,      -3.263572758,      -3.308897656,      -2.000053033,       -10.1638029
          0,           0,         186,      -4.033027363,      -3.259090864,      -3.303052726,      -1.994705978,      -10.16057359
          0,           0,         187,      -4.027771426,      -3.254691131,      -3.297083999,      -1.989358707,      -10.15753211
          0,           0,         188,      -4.022547024,       -3.25038675,      -3.291010323,      -1.984030832,      -10.15459298
          0,           0,         189,      -4.017378781,      -3.246202371,      -3.284861005,      -1.978744105,      -10.15156979
          0,           0,         190,      -4.012294187,      -3.242173624,      -3.278675856,      -1.973522826,      -10.14841071
          0,           0,         191,      -4.007323594,      -3.238345637,      -3.272504552,      -1.968394087,      -10.14528408
          0,           0,         192,      -4.002499894,      -3.234770641,      -3.266405267,      -1.963387691,      -10.14239276
          0,           0,         193,      -3.997857957,      -3.231504919,      -3.260442794,       -1.95853584,      -10.13968817
          0,           0,         194,      -3.993433816,      -3.228605289,       -3.25468625,      -1.953872531,       -10.1371639
          0,           0,         195,      -3.989263585,      -3.226125381,      -3.249206516,      -1.949432655,      -10.13466426
          0,           0,         196,      -3.985382245,      -3.224111906,      -3.244073618,      -1.945250912,      -10.13218092
          0,           0,         197,       -3.98182227,       -3.22260107,      -3.239354122,      -1.941360524,      -10.12993048
          0,           0,         198,      -3.978612227,      -3.221615276,      -3.235108683,       -1.93779187,      -10.12803996
          0,           0,         199,       -3.97577537,       -3.22116021,       -3.23138979,      -1.934571081,      -10.12643131
          0,           0,         200,      -3.973328315,      -3.221222408,      -3.228239734,      -1.931718669,      -10.12506758
          0,           0,         201,      -3.971279862,       -3.22176742,      -3.225688809,      -1.929248274,      -10.12383016
          0,           0,         202,      -3.969630013,      -3.222738713,      -3.223753765,      -1.927165582,      -10.12275882
          0,           0,         203,      -3.968369246,      -3.224057515,      -3.222436473,      -1.925467462,      -10.12184898
          0,           0,         204,      -3.967478119,      -3.225623843,      -3.221722852,      -1.924141403,      -10.12120572
          0,           0,         205,      -3.966927247,      -3.227318962,      -3.221582096,      -1.923165302,      -10.12074663
          0,           0,         206,      -3.966677713,      -3.229009521,      -3.221966258,      -1.922507622,      -10.12026728
          0,           0,         207,      -3.966681944,      -3.230553465,      -3.222810319,      -1.922128004,      -10.11969136
          0,           0,         208,      -3.966885125,      -3.231807646,      -3.224032896,      -1.921978348,      -10.11897506
          0,           0,         209,      -3.967227077,      -3.232636749,      -3.225537731,      -1.922004354,      -10.11803589
          0,           0,         210,      -3.967644621,        -3.2329228,      -3.227216171,       -1.92214751,      -10.11703031
          0,           0,         211,       -3.96807432,       -3.23257425,      -3.228950728,      -1.922347494,      -10.11591276
          0,           0,         212,      -3.968455446,      -3.231533457,      -3.230619794,       -1.92254483,      -10.11457472
          0,           0,         213,      -3.968732982,      -3.229781461,      -3.232103367,      -1.922683687,      -10.11278527
          0,           0,         214,      -3.968860429,      -3.227339326,      -3.233289533,      -1.922714591,      -10.11061732
          0,           0,         215,      -3.968802171,      -3.224265805,      -3.234081196,      -1.922596868,      -10.10807078
          0,           0,         216,       -3.96853519,      -3.220651753,      -3.234402411,      -1.922300588,      -10.10536436
          0,           0,         217,      -3.968049935,      -3.216612125,      -3.234203592,      -1.921807835,      -10.10270169
          0,           0,         218,      -3.967350298,      -3.212276739,      -3.233464917,        -1.9211132,      -10.09999731
          0,           0,         219,      -3.966452717,      -3.207780951,      -3.232197474,       -1.92022347,      -10.09738103
          0,           0,         220,      -3.965384491,      -3.203257169,      -3.230441945,       -1.91915656,      -10.09462349
          0,           0,         221,      -3.964181543,      -3.198827862,      -3.228265054,      -1.917939832,      -10.09183455
          0,           0,         222,       -3.96288584,       -3.19460033,      -3.225754228,      -1.916607983,      -10.08919859
          0,           0,         223,      -3.961542753,       -3.19066326,      -3.223011184,      -1.915200753,      -10.08681874
          0,           0,         224,      -3.960198552,      -3.187084911,      -3.220145146,       -1.91376062,      -10.08479569
          0,           0,         225,      -3.958898234,      -3.183912659,      -3.217266363,      -1.912330704,      -10.08316085
          0,           0,         226,      -3.957683808,       -3.18117365,      -3.214480403,      -1.910953008,      -10.08191441
          0,           0,         227,      -3.956593085,      -3.178876292,      -3.211883523,      -1.909667062,      -10.08071765
          0,           0,         228,      -3.955658965,      -3.177012405,      -3.209559201,      -1.908509004,      -10.07956227
          0,           0,         229,        -3.9549092,      -3.175559836,      -3.207575822,      -1.907511085,      -10.07857759
          0,           0,         230,      -3.954366534,      -3.174485449,      -3.205985368,      -1.906701534,      -10.07791129
          0,           0,         231,       -3.95404912,      -3.173748328,      -3.204822967,      -1.906104682,      -10.07750074
          0,           0,         232,      -3.953971111,      -3.173303121,      -3.204107127,      -1.905741272,      -10.07731642
          0,           0,         233,      -3.954143324,      -3.173103364,      -3.203840508,      -1.905628859,      -10.07737556
          0,           0,         234,       -3.95457386,      -3.173104654,      -3.204011124,      -1.905782186,      -10.07748008
          0,           0,         235,        -3.9552686,      -3.173267503,      -3.204593872,      -1.906213473,      -10.07735565
          0,           0,         236,      -3.956231527,      -3.173559707,      -3.205552348,       -1.90693256,      -10.07719729
          0,           0,         237,      -3.957464811,      -3.173958092,      -3.206840887,      -1.907946864,      -10.07706334
          0,           0,         238,      -3.958968653,        -3.1744495,      -3.208406788,      -1.909261123,      -10.07691322
          0,           0,         239,      -3.960740885,      -3.175030981,      -3.210192694,      -1.910876944,      -10.07683298
          0,           0,         240,      -3.962776377,      -3.175709175,      -3.212139041,      -1.912792184,      -10.07679436
          0,           0,         241,      -3.965066285,      -3.176498952,      -3.214186535,      -1.915000204,       -10.0769065
          0,           0,         242,      -3.967597206,      -3.177421452,      -3.216278519,       -1.91748905,      -10.07668682
          0,           0,         243,      -3.970350339,      -3.178501677,      -3.218363161,      -1.920240645,      -10.07626216
          0,           0,         244,      -3.973300725,      -3.179765822,      -3.220395319,      -1.923230069,      -10.07584873
          0,           0,         245,      -3.976416668,      -3.181238538,      -3.222338004,      -1.926425005,      -10.07538158
          0,           0,         246,      -3.979659422,      -3.182940302,      -3.224163336,      -1.929785457,      -10.07497829
          0,           0,         247,      -3.982983219,      -3.184885026,      -3.225852957,      -1.933263787,      -10.07460901
          0,           0,         248,      -3.986335732,      -3.187078048,      -3.227397893,      -1.936805174,      -10.07449273
          0,           0,         249,      -3.989658988,      -3.189514578,      -3.228797912,      -1.940348543,       -10.0742982
          0,           0,         250,       -3.99289078,      -3.192178701,      -3.230060426,      -1.943827971,      -10.07392251
          0,           0,         251,      -3.995966527,      -3.195042985,      -3.231199086,      -1.947174592,      -10.07345929
          0,           0,         252,      -3.998821552,      -3.198068756,      -3.232232156,      -1.950318919,      -10.07302019
          0,           0,         253,      -4.001393625,      -3.201207061,      -3.233180809,        -1.9531935,      -10.07240895
          0,           0,         254,      -4.003625645,      -3.204400349,      -3.234067451,      -1.955735742,      -10.07174594
          0,           0,         255,      -4.005468252,      -3.207584848,       -3.23491415,      -1.957890709,      -10.07110016
          0,           0,         256,      -4.006882176,      -3.210693558,      -3.235741253,      -1.959613691,      -10.07048193
          0,           0,         257,      -4.007840124,      -3.213659729,      -3.236566229,      -1.960872329,      -10.06965194
          0,           0,         258,      -4.008328063,      -3.216420617,      -3.237402751,      -1.961648114,      -10.06866014
          0,           0,         259,      -4.008345798,      -3.218921237,      -3.238260036,      -1.961937165,      -10.06748218
          0,           0,         260,      -4.007906839,      -3.221117798,      -3.239142418,      -1.961750225,      -10.06608309
          0,           0,         261,      -4.007037603,      -3.222980506,      -3.240049166,      -1.961111934,       -10.0644814
          0,           0,         262,       -4.00577609,      -3.224495426,      -3.240974513,      -1.960059493,      -10.06278998
          0,           0,         263,      -4.004170163,      -3.225665249,      -3.241907905,      -1.958640872,      -10.06103754
          0,           0,         264,      -4.002275629,      -3.226508848,      -3.242834444,       -1.95691276,      -10.05937777
          0,           0,         265,      -4.000154266,      -3.227059724,      -3.243735533,       -1.95493843,      -10.05750012
          0,           0,         266,      -3.997871929,       -3.22736352,      -3.244589717,       -1.95278566,      -10.05553112
          0,           0,         267,      -3.995496817,      -3.227474883,      -3.245373687,      -1.950524819,      -10.05351962
          0,           0,         268,      -3.993097955,      -3.227454014,      -3.246063463,      -1.948227192,      -10.05147003
          0,           0,         269,      -3.990743881,      -3.227363192,      -3.246635688,      -1.945963526,      -10.04972749
          0,           0,         270,      -3.988501539,      -3.227263592,      -3.247069021,      -1.943802826,      -10.04823596
          0,           0,         271,      -3.986435323,      -3.227212542,      -3.247345542,      -1.941811316,      -10.04705301
          0,           0,         272,      -3.984606225,      -3.227261374,       -3.24745211,      -1.940051559,      -10.04628646
          0,           0,         273,      -3.983071051,      -3.227453909,       -3.24738158,      -1.938581651,      -10.04579125
          0,           0,         274,      -3.981881658,      -3.227825547,      -3.247133795,      -1.937454466,      -10.04568039
          0,           0,         275,       -3.98108417,      -3.228402929,      -3.246716275,      -1.936716901,       -10.0458723
          0,           0,         276,       -3.98071817,      -3.229204073,      -3.246144531,      -1.936409094,      -10.04637543
          0,           0,         277,      -3.980815835,      -3.230238888,       -3.24544197,        -1.9365636,       -10.0472038
          0,           0,         278,      -3.981401013,      -3.231509959,      -3.244639368,      -1.937204517,      -10.04839066
          0,           0,         279,      -3.982488263,       -3.23301352,      -3.243773953,      -1.938346568,      -10.04969713
          0,           0,         280,      -3.984081856,      -3.234740497,      -3.242888124,       -1.93999414,      -10.05127406
          0,           0,         281,       -3.98617478,      -3.236677549,      -3.242027888,      -1.942140334,      -10.05298019
          0,           0,         282,      -3.988747781,      -3.238808032,      -3.241241096,      -1.944766046,      -10.05482522
          0,           0,         283,      -3.991768519,      -3.241112826,       -3.24057556,       -1.94783915,      -10.05668278
          0,           0,         284,      -3.995190919,      -3.243570971,      -3.240077132,      -1.951313879,      -10.05851487
          0,           0,         285,      -3.998954828,      -3.246160096,      -3.239787833,      -1.955130512,      -10.06031507
          0,           0,         286,      -4.002986136,      -3.248856632,      -3.239744085,      -1.959215507,      -10.06219213
          0,           0,         287,      -4.007197504,      -3.251635811,      -3.239975068,      -1.963482233,      -10.06394969
          0,           0,         288,      -4.011489866,       -3.25447151,      -3.240501277,      -1.967832471,      -10.06557207
          0,           0,         289,      -4.015754868,      -3.257335973,      -3.241333287,      -1.972158829,      -10.06709693
          0,           0,         290,      -4.019878331,      -3.260199497,      -3.242470767,      -1.976348165,      -10.06854957
          0,           0,         291,      -4.023744738,       -3.26303015,      -3.243901774,      -1.980286014,       -10.0698639
          0,           0,         292,      -4.027242603,       -3.26579363,      -3.245602383,      -1.983861886,      -10.07104093
          0,           0,         293,      -4.030270421,      -3.268453327,      -3.247536702,      -1.986975129,      -10.07211479
          0,           0,         294,      -4.032742734,      -3.270970685,      -3.249657355,      -1.989540907,      -10.07306715
          0,           0,         295,       -4.03459569,      -3.273305902,      -3.251906501,      -1.991495687,      -10.07395997
          0,           0,         296,      -4.035791492,      -3.275418993,       -3.25421746,      -1.992801631,       -10.0746707
          0,           0,         297,      -4.036321146,      -3.277271235,      -3.256516993,      -1.993449327,      -10.07520555
          0,           0,         298,      -4.036205157,      -3.278826903,      -3.258728246,       -1.99345851,      -10.07551496
          0,           0,         299,      -4.035492081,      -3.280055222,      -3.260774288,      -1.992876657,      -10.07566196
          0,           0,         300,      -4.034255124,      -3.280932401,      -3.262582116,      -1.991775673,      -10.07567094
          0,           0,         301,      -4.032587254,      -3.281443547,      -3.264086878,        -1.9902471,      -10.07563099
          0,           0,         302,       -4.03059542,      -3.281584358,      -3.265236018,      -1.988396415,      -10.07553359
          0,           0,         303,      -4.028394504,      -3.281362371,      -3.265992972,      -1.986337076,      -10.07524192
          0,           0,         304,      -4.026101569,      -3.280797645,      -3.266340057,      -1.984184817,      -10.07494637
          0,           0,         305,      -4.023830788,      -3.279922823,      -3.266280242,      -1.982052618,      -10.07481325
          0,           0,         306,       -4.02168929,       -3.27878254,      -3.265837624,      -1.980046561,      -10.07463423
          0,           0,         307,      -4.019773999,      -3.277432232,      -3.265056538,      -1.978262672,      -10.07445888
          0,           0,         308,      -4.018169421,      -3.275936456,      -3.263999437,      -1.976784678,      -10.07433311
          0,           0,         309,      -4.016946236,      -3.274366857,      -3.262743792,      -1.975682583,      -10.07433198
          0,           0,         310,      -4.016160561,      -3.272799943,      -3.261378328,      -1.975011894,       -10.0744368
          0,           0,         311,      -4.015853692,      -3.271314794,      -3.259998981,      -1.974813341,      -10.07472855
          0,           0,         312,      -4.016052201,      -3.269990871,       -3.25870489,      -1.975112945,      -10.07519632
          0,           0,         313,      -4.016768265,      -3.268905975,      -3.257594694,      -1.975922327,      -10.07594823
          0,           0,         314,      -4.018000134,      -3.268134445,      -3.256763295,       -1.97723917,      -10.07694695
          0,           0,         315,      -4.019732711,      -3.267745595,      -3.256299188,      -1.979047789,      -10.07828377
          0,           0,         316,      -4.021938212,      -3.267802381,      -3.256282329,      -1.981319805,      -10.07982511
          0,           0,         317,      -4.024576931,      -3.268360267,      -3.256782506,      -1.984014932,      -10.08158552
          0,           0,         318,      -4.027598145,      -3.269466244,      -3.257858114,       -1.98708191,      -10.08352047
          0,           0,         319,      -4.030941207,      -3.271157932,      -3.259555216,      -1.990459653,      -10.08544588
          0,           0,         320,        -4.0345369,      -3.273462728,      -3.261906788,      -1.994078665,      -10.08739777
          0,           0,         321,      -4.038309083,      -3.276396922,      -3.264932021,      -1.997862759,      -10.08943149
          0,           0,         322,      -4.042176704,      -3.279964756,      -3.268635628,      -2.001731144,      -10.09152768
          0,           0,         323,      -4.046056184,      -3.284157395,      -3.273007078,      -2.005600892,      -10.09364928
          0,           0,         324,      -4.049864144,      -3.288951792,      -3.278019723,      -2.009389738,      -10.09582477
          0,           0,         325,      -4.053520413,      -3.294309482,       -3.28362984,      -2.013019132,      -10.09802358
          0,           0,         326,      -4.056951165,      -3.300175343,      -3.289775616,       -2.01641741,      -10.10022553
          0,           0,         327,      -4.060092029,      -3.306476459,      -3.296376216,      -2.019522875,      -10.10195361
          0,           0,         328,      -4.062890922,      -3.313121221,      -3.303331076,      -2.022286576,      -10.10337076
          0,           0,         329,       -4.06531039,      -3.319998926,      -3.310519693,      -2.024674547,      -10.10455167
          0,           0,         330,      -4.067329247,      -3.326980146,      -3.317802216,      -2.026669295,      -10.10561354
          0,           0,         331,      -4.068943344,       -3.33391824,      -3.325021214,      -2.028270409,      -10.10660284
          0,           0,         332,      -4.070165406,      -3.340652351,      -3.332005008,      -2.029494222,      -10.10757601
          0,           0,         333,      -4.071023967,      -3.347012192,      -3.338572876,      -2.030372574,      -10.10845202
          0,           0,         334,      -4.071561502,       -3.35282478,      -3.344542278,      -2.030950808,      -10.10909783
          0,           0,         335,       -4.07183196,      -3.357922967,      -3.349737931,      -2.031285197,      -10.10941745
          0,           0,         336,      -4.071897922,       -3.36215529,      -3.354002214,      -2.031440039,      -10.10952156
          0,           0,         337,      -4.071827617,      -3.365396248,      -3.357205887,      -2.031484647,      -10.10951893
          0,           0,         338,      -4.071692023,      -3.367555791,      -3.359257854,       -2.03149046,      -10.10950873
          0,           0,         339,      -4.071562199,       -3.36858669,      -3.360112546,      -2.031528409,       -10.1094877
          0,           0,         340,      -4.071506975,      -3.368488649,      -3.359773763,      -2.031666658,      -10.10948374
          0,           0,         341,      -4.071591054,      -3.367308466,       -3.35829432,      -2.031968757,      -10.10943457
          0,           0,         342,      -4.071873534,      -3.365136243,      -3.355771587,      -2.032492216,      -10.10933774
          0,           0,         343,      -4.072406816,      -3.362098295,      -3.352339695,      -2.033287463,      -10.10923811
          0,           0,         344,       -4.07323586,       -3.35834789,      -3.348159664,       -2.03439712,      -10.10928707
          0,           0,         345,      -4.074397705,      -3.354055168,      -3.343408875,      -2.035855555,      -10.10941619
          0,           0,         346,      -4.075921218,      -3.349397443,      -3.338271114,      -2.037688631,      -10.10968892
          0,           0,         347,       -4.07782698,      -3.344550796,      -3.332928112,      -2.039913593,      -10.11013502
          0,           0,         348,      -4.080127273,      -3.339683468,      -3.327553019,      -2.042539045,      -10.11078155
          0,           0,         349,      -4.082826131,      -3.334951194,      -3.322305924,      -2.045564985,      -10.11155292
          0,           0,         350,      -4.085919414,      -3.330494334,      -3.317331215,      -2.048982873,      -10.11237208
          0,           0,         351,      -4.089394903,      -3.326436502,      -3.312756459,       -2.05277571,      -10.11331838
          0,           0,         352,      -4.093232403,      -3.322884335,      -3.308692399,      -2.056918156,      -10.11443524
          0,           0,         353,      -4.097403876,      -3.319928034,       -3.30523372,      -2.061376682,      -10.11574254
          0,           0,         354,      -4.101873617,       -3.31764238,      -3.302460249,      -2.066109803,      -10.11705345
          0,           0,         355,      -4.106598519,      -3.316087972,      -3.300438375,      -2.071068424,      -10.11842674
          0,           0,         356,      -4.111528459,      -3.315312496,      -3.299222477,      -2.076196362,      -10.11987349
          0,           0,         357,      -4.116606875,      -3.315351902,      -3.298856267,      -2.081431094,      -10.12135125
          0,           0,         358,      -4.121771564,      -3.316231397,      -3.299373947,      -2.086704792,      -10.12283349
          0,           0,         359,      -4.126955774,      -3.317966195,      -3.300801136,      -2.091945683,      -10.12430494
          0,           0,         360,      -4.132089614,      -3.320561994,      -3.303155532,      -2.097079785,      -10.12584261
          0,           0,         361,      -4.137101818,       -3.32401516,      -3.306447293,      -2.102033006,      -10.12744636
          0,           0,         362,      -4.141921827,      -3.328312601,      -3.310679105,      -2.106733567,      -10.12928819
          0,           0,         363,      -4.146482169,      -3.333431331,      -3.315845933,      -2.111114672,      -10.13086825
          0,           0,         364,      -4.150721007,      -3.339337736,      -3.321934437,      -2.115117282,      -10.13227194
          0,           0,         365,      -4.154584745,      -3.345986541,      -3.328922018,       -2.11869281,      -10.13355491
          0,           0,         366,      -4.158030488,      -3.353319545,      -3.336775505,      -2.121805545,      -10.13475698
          0,           0,         367,      -4.161028186,      -3.361264168,      -3.345449453,      -2.124434577,      -10.13590031
          0,           0,         368,      -4.163562261,      -3.369731913,      -3.354884052,      -2.126575056,      -10.13700214
          0,           0,         369,      -4.165632564,      -3.378616935,      -3.365002711,      -2.128238647,      -10.13804793
          0,           0,         370,      -4.167254566,      -3.387794922,      -3.375709388,      -2.129453143,      -10.13913669
          0,           0,         371,      -4.168458772,      -3.397122617,      -3.386885843,      -2.130261265,      -10.14041131
          0,           0,         372,       -4.16928939,      -3.406438377,      -3.398389115,      -2.130718766,      -10.14160809
          0,           0,         373,      -4.169802404,      -3.415564205,      -3.410049642,      -2.130892026,      -10.14251813
          0,           0,         374,       -4.17006321,       -3.42430969,      -3.421670659,      -2.130855331,       -10.1433392
          0,           0,         375,      -4.170144011,      -3.432478183,      -3.433029615,      -2.130688061,      -10.14405922
          0,           0,         376,      -4.170121169,      -3.439875269,      -3.443882473,      -2.130471963,      -10.14479217
          0,           0,         377,      -4.170072667,      -3.446319242,      -3.453971637,      -2.130288663,      -10.14543496
          0,           0,         378,      -4.170075817,      -3.451652726,      -3.463037913,      -2.130217501,       -10.1459911
          0,           0,         379,      -4.170205279,      -3.455754197,      -3.470836209,       -2.13033375,      -10.14651162
          0,           0,         380,      -4.170531443,      -3.458547784,      -3.477153715,      -2.130707214,      -10.14710346
          0,           0,         381,      -4.171119159,      -3.460009778,      -3.481828295,      -2.131401181,      -10.14788242
          0,           0,         382,      -4.172026791,      -3.460170732,      -3.484764086,      -2.132471678,      -10.14861992
          0,           0,         383,      -4.173305552,      -3.459112747,      -3.485941346,      -2.133966985,      -10.14926199
          0,           0,         384,      -4.174999063,      -3.456962453,      -3.485418501,      -2.135927323,      -10.14993105
          0,           0,         385,      -4.177143082,      -3.453880877,       -3.48332592,      -2.138384683,      -10.15065826
          0,           0,         386,      -4.179765352,      -3.450051806,      -3.479852796,      -2.141362727,      -10.15121785
          0,           0,         387,      -4.182885521,      -3.445670207,      -3.475229719,      -2.144876725,      -10.15176855
          0,           0,         388,      -4.186515097,      -3.440931952,      -3.469710062,      -2.148933496,      -10.15246851
          0,           0,         389,      -4.190657417,      -3.436025597,      -3.463552864,       -2.15353133,      -10.15340456
          0,           0,         390,      -4.195307604,      -3.431126475,      -3.457008962,      -2.158659881,      -10.15464988
          0,           0,         391,      -4.200452519,      -3.426393003,      -3.450311138,      -2.164300033,      -10.15612848
          0,           0,         392,      -4.206070692,      -3.421964843,      -3.443668148,      -2.170423742,      -10.15781744
          0,           0,         393,      -4.212132268,      -3.417962507,      -3.437262032,      -2.176993897,      -10.15963057
          0,           0,         394,      -4.218598979,      -3.414487946,      -3.431247862,      -2.183964215,      -10.16119493
          0,           0,         395,      -4.225424186,      -3.411625745,      -3.425755118,      -2.191279237,      -10.16261522
          0,           0,         396,      -4.232553029,      -3.409444632,      -3.420890014,      -2.198874483,      -10.16411695
          0,           0,         397,      -4.239922752,      -3.407999075,      -3.416738229,      -2.206676847,      -10.16578481
          0,           0,         398,      -4.247463267,      -3.407330806,       -3.41336772,      -2.214605309,      -10.16765703
          0,           0,         399,      -4.255098005,      -3.407470191,      -3.410831362,       -2.22257205,      -10.16971194
          0,           0,         400,      -4.262745134,      -3.408437385,      -3.409169308,      -2.230484044,      -10.17193224
          0,           0,         401,      -4.270319179,      -3.410243242,      -3.408411008,       -2.23824517,      -10.17428445
          0,           0,         402,      -4.277733057,      -3.412889973,      -3.408576873,      -2.245758849,      -10.17649231
          0,           0,         403,      -4.284900517,       -3.41637155,      -3.409679582,      -2.252931148,      -10.17841729
          0,           0,         404,      -4.291738899,      -3.420673862,      -3.411725065,      -2.259674234,      -10.18015065
          0,           0,         405,      -4.298172099,       -3.42577465,       -3.41471318,      -2.265909956,      -10.18176108
          0,           0,         406,      -4.304133552,      -3.431643227,      -3.418638078,      -2.271573316,      -10.18333694
          0,           0,         407,      -4.309569019,      -3.438240016,      -3.423488318,      -2.276615511,      -10.18490563
          0,           0,         408,      -4.314438942,      -3.445515931,        -3.4292467,      -2.281006264,      -10.18644852
          0,           0,         409,      -4.318720156,       -3.45341166,      -3.435889845,      -2.284735192,      -10.18802243
          0,           0,         410,      -4.322406784,      -3.461856904,      -3.443387525,      -2.287812074,      -10.18946862
          0,           0,         411,      -4.325510236,      -3.470769678,      -3.451701731,      -2.290265985,      -10.19093117
          0,           0,         412,      -4.328058319,      -3.480055779,      -3.460785498,      -2.292143409,      -10.19209494
          0,           0,         413,      -4.330093544,       -3.48960858,      -3.470581495,      -2.293505535,      -10.19301771
          0,           0,         414,      -4.331670828,      -3.499309344,       -3.48102042,      -2.294425024,      -10.19380418
          0,           0,         415,      -4.332854793,      -3.509028237,      -3.492019249,      -2.294982543,      -10.19452894
          0,           0,         416,      -4.333716907,      -3.518626275,      -3.503479471,      -2.295263363,      -10.19516048
          0,           0,         417,      -4.334332672,       -3.52795836,       -3.51528545,      -2.295354224,      -10.19567058
          0,           0,         418,      -4.334779047,      -3.536877485,      -3.527303171,      -2.295340657,       -10.1960825
          0,           0,         419,      -4.335132213,      -3.545240094,      -3.539379683,      -2.295304816,      -10.19639447
          0,           0,         420,      -4.335465756,      -3.552912322,      -3.551343664,      -2.295323862,      -10.19667163
          0,           0,         421,      -4.335849271,      -3.559776725,      -3.563007548,      -2.295468849,      -10.19673596
          0,           0,         422,      -4.336347389,      -3.565738826,      -3.574171661,      -2.295804067,      -10.19665692
          0,           0,         423,      -4.337019154,      -3.570732763,      -3.584630695,      -2.296386744,      -10.19647438
          0,           0,         424,       -4.33791771,      -3.574725312,       -3.59418256,      -2.297267037,      -10.19615741
          0,           0,         425,      -4.339090223,      -3.577717721,      -3.602639238,      -2.298488229,      -10.19572541
          0,           0,         426,      -4.340577977,      -3.579745065,      -3.609838756,      -2.300087052,      -10.19520618
          0,           0,         427,      -4.342416583,      -3.580873256,      -3.615656901,       -2.30209409,      -10.19471582
          0,           0,         428,      -4.344636259,      -3.581194099,      -3.620017001,      -2.304534207,      -10.19421773
          0,           0,         429,      -4.347262139,      -3.580819075,      -3.622896189,      -2.307426965,      -10.19383886
          0,           0,         430,      -4.350314566,      -3.579872582,      -3.624327009,      -2.310787003,      -10.19348582
          0,           0,         431,      -4.353809369,      -3.578485364,      -3.624394091,      -2.314624362,      -10.19305205
          0,           0,         432,      -4.357758079,      -3.576788634,      -3.623226492,      -2.318944737,      -10.19252848
          0,           0,         433,      -4.362168093,       -3.57490926,      -3.620987022,      -2.323749651,      -10.19194399
          0,           0,         434,      -4.367042766,      -3.572966121,       -3.61786024,      -2.329036548,      -10.19132456
          0,           0,         435,      -4.372381426,      -3.571067626,      -3.614040707,      -2.334798795,      -10.19072157
          0,           0,         436,      -4.378179314,      -3.569310257,      -3.609722727,      -2.341025608,      -10.19030343
          0,           0,         437,      -4.384427444,      -3.567777941,      -3.605092286,      -2.347701884,      -10.19002228
          0,           0,         438,      -4.391112393,      -3.566542051,      -3.600321395,      -2.354807971,      -10.18982994
          0,           0,         439,      -4.398216024,      -3.565661846,       -3.59556468,      -2.362319367,      -10.18982307
          0,           0,         440,      -4.405715144,       -3.56518518,      -3.590957846,      -2.370206369,      -10.18981371
          0,           0,         441,      -4.413581131,      -3.565149366,      -3.586617552,      -2.378433688,      -10.18965458
          0,           0,         442,      -4.421779524,      -3.565582088,       -3.58264226,       -2.38696007,      -10.18939706
          0,           0,         443,       -4.43026964,      -3.566502298,      -3.579113674,      -2.395737941,      -10.18908492
          0,           0,         444,      -4.439004213,       -3.56792106,      -3.576098478,      -2.404713134,      -10.18878323
          0,           0,         445,      -4.447929142,      -3.569842305,      -3.573650169,      -2.413824748,      -10.18863737
          0,           0,         446,      -4.456983379,       -3.57226351,       -3.57181083,      -2.423005203,      -10.18859878
          0,           0,         447,      -4.466099037,      -3.575176278,      -3.570612773,      -2.432180576,       -10.1886962
          0,           0,         448,       -4.47520179,      -3.578566841,      -3.570080001,      -2.441271275,      -10.18881698
          0,           0,         449,      -4.484211634,      -3.582416488,      -3.570229465,      -2.450193132,      -10.18884384
          0,           0,         450,       -4.49304409,      -3.586701939,      -3.571072131,      -2.458858971,      -10.18877021
          0,           0,         451,      -4.501611886,      -3.591395682,      -3.572613843,      -2.467180663,      -10.18858565
          0,           0,         452,       -4.50982714,      -3.596466287,       -3.57485601,      -2.475071656,      -10.18831394
          0,           0,         453,      -4.517604004,      -3.601878718,      -3.577796136,        -2.4824499,      -10.18798416
          0,           0,         454,      -4.524861691,      -3.607594659,      -3.581428182,      -2.489241016,      -10.18768634
          0,           0,         455,        -4.5315277,      -3.613572875,      -3.585742796,        -2.4953815,      -10.18746901
          0,           0,         456,      -4.537541045,      -3.619769629,      -3.590727416,      -2.500821729,      -10.18732743
          0,           0,         457,      -4.542855209,      -3.626139147,      -3.596366228,      -2.505528469,       -10.1870689
          0,           0,         458,      -4.547440551,      -3.632634167,      -3.602640023,      -2.509486656,      -10.18669391
          0,           0,         459,      -4.551285937,      -3.639206552,      -3.609525922,      -2.512700259,      -10.18624968
          0,           0,         460,        -4.5543994,      -3.645807984,       -3.61699699,      -2.515192118,      -10.18572064
          0,           0,         461,      -4.556807773,      -3.652390709,      -3.625021731,      -2.517002795,       -10.1851592
          0,           0,         462,      -4.558555334,      -3.658908335,      -3.633563483,      -2.518188542,      -10.18463213
          0,           0,         463,        -4.5597016,      -3.665316645,      -3.642579694,      -2.518818611,      -10.18419015
          0,           0,         464,      -4.560318517,      -3.671574397,      -3.652021125,      -2.518972171,      -10.18372805
          0,           0,         465,      -4.560487299,       -3.67764407,      -3.661830987,      -2.518735085,      -10.18324919
          0,           0,         466,      -4.560295192,      -3.683492531,      -3.671944053,      -2.518196798,       -10.1827264
          0,           0,         467,      -4.559832395,      -3.689091564,      -3.682285823,      -2.517447536,      -10.18214847
          0,           0,         468,       -4.55918932,      -3.694418249,      -3.692771815,      -2.516575915,      -10.18158163
          0,           0,         469,      -4.558454293,      -3.699455161,       -3.70330711,      -2.515667046,       -10.1810747
          0,           0,         470,      -4.557711758,       -3.70419038,      -3.713786283,      -2.514801129,      -10.18069365
          0,           0,         471,      -4.557040961,      -3.708617289,      -3.724093896,      -2.514052505,       -10.1804434
          0,           0,         472,      -4.556515093,      -3.712734212,      -3.734105747,      -2.513489106,       -10.1802822
          0,           0,         473,      -4.556200816,      -3.716543908,      -3.743691029,      -2.513172237,       -10.1801692
          0,           0,         474,      -4.556158098,      -3.720052955,      -3.752715529,      -2.513156604,      -10.18010847
          0,           0,         475,      -4.556440293,      -3.723271069,      -3.761045911,      -2.513490536,      -10.18014939
          0,           0,         476,      -4.557094374,      -3.726210388,      -3.768554973,      -2.514216311,      -10.18022956
          0,           0,         477,      -4.558161284,      -3.728884787,      -3.775127604,      -2.515370565,      -10.18039862
          0,           0,         478,      -4.559676337,      -3.731309248,      -3.780666991,      -2.516984716,      -10.18065593
          0,           0,         479,      -4.561669635,      -3.733499315,      -3.785100439,      -2.519085385,      -10.18105065
          0,           0,         480,      -4.564166464,      -3.735470657,      -3.788384167,      -2.521694782,      -10.18148861
          0,           0,         481,      -4.567187649,      -3.737238764,       -3.79050644,      -2.524831039,      -10.18202436
          0,           0,         482,      -4.570749852,      -3.738818758,      -3.791488602,      -2.528508472,      -10.18274742
          0,           0,         483,      -4.574865784,       -3.74022533,      -3.791383877,      -2.532737763,      -10.18357355
          0,           0,         484,      -4.579544331,      -3.741472781,      -3.790274076,      -2.537526052,      -10.18440531
          0,           0,         485,      -4.584790584,      -3.742575155,      -3.788264689,       -2.54287692,      -10.18528219
          0,           0,         486,      -4.590605746,      -3.743546443,       -3.78547896,      -2.548790268,      -10.18617115
          0,           0,         487,      -4.596986931,       -3.74440082,       -3.78205163,      -2.555262071,      -10.18707823
          0,           0,         488,       -4.60392682,      -3.745152913,      -3.778122957,      -2.562283996,      -10.18801181
          0,           0,         489,      -4.611413182,      -3.745818053,      -3.773833454,      -2.569842889,      -10.18898325
          0,           0,         490,      -4.619428241,      -3.746412514,      -3.769319615,      -2.577920098,       -10.1901174
          0,           0,         491,      -4.627947891,      -3.746953687,      -3.764710735,      -2.586490653,      -10.19127578
          0,           0,         492,      -4.636940745,      -3.747460229,      -3.760126772,      -2.595522274,      -10.19235163
          0,           0,         493,      -4.646367044,      -3.747952116,      -3.755677123,       -2.60497425,      -10.19337291
          0,           0,         494,       -4.65617743,      -3.748450636,      -3.751460157,      -2.614796172,      -10.19438358
          0,           0,         495,      -4.666311639,       -3.74897831,       -3.74756329,        -2.6249266,      -10.19540217
          0,           0,         496,      -4.676697174,      -3.749558737,      -3.744063471,       -2.63529172,      -10.19639266
          0,           0,         497,      -4.687248075,      -3.750216381,      -3.741027895,       -2.64580411,      -10.19741111
          0,           0,         498,      -4.697863949,      -3.750976308,      -3.738514858,      -2.656361789,      -10.19853949
          0,           0,         499,      -4.708429453,       -3.75186388,      -3.736574657,       -2.66684775,       -10.1996443
          0,           0,         500,      -4.718814515,      -3.752904413,      -3.735250458,      -2.677130266,      -10.20067021
          0,           0,         501,      -4.728875577,      -3.754122816,      -3.734579122,      -2.687064264,      -10.20162264
          0,           0,         502,      -4.738458182,      -3.755543224,      -3.734591917,      -2.696494086,      -10.20248834
          0,           0,         503,      -4.747401138,      -3.757188609,      -3.735315142,      -2.705257858,      -10.20325942
          0,           0,         504,      -4.755542382,      -3.759080415,      -3.736770621,      -2.713193588,      -10.20403747
          0,           0,         505,      -4.762726435,      -3.761238189,      -3.738976077,      -2.720146829,      -10.20485762
          0,           0,         506,      -4.768813016,      -3.763679213,      -3.741945373,       -2.72597945,      -10.20567001
          0,           0,         507,      -4.773686075,      -3.766418149,      -3.745688616,      -2.730578727,       -10.2064367
          0,           0,         508,      -4.777262222,      -3.769466694,      -3.750212118,      -2.733865692,       -10.2071011
          0,           0,         509,      -4.779497406,      -3.772833232,      -3.755518191,      -2.735801584,      -10.20766223
          0,           0,         510,      -4.780390853,      -3.776522498,       -3.76160479,      -2.736391442,      -10.20811875
          0,           0,         511,      -4.779985617,      -3.780535232,      -3.768464951,      -2.735684231,      -10.20861055
          0,           0,         512,      -4.778365663,      -3.784867851,      -3.776086033,      -2.733769494,      -10.20910115
          0,           0,         513,      -4.775649943,      -3.789512112,      -3.784448721,      -2.730771069,      -10.20953182
          0,           0,         514,      -4.771984385,      -3.794454785,       -3.79352578,      -2.726838827,      -10.20991108
          0,           0,         515,      -4.767532921,      -3.799677348,      -3.803280532,      -2.722139584,      -10.21017979
          0,           0,         516,      -4.762468619,      -3.805155706,      -3.813665051,      -2.716848253,      -10.21037071
          0,           0,         517,      -4.756965789,      -3.810859964,       -3.82461809,       -2.71114005,      -10.21054824
          0,           0,         518,      -4.751193567,      -3.816754263,       -3.83606277,      -2.705184257,      -10.21076328
          0,           0,         519,      -4.745311207,      -3.822796727,      -3.847904139,      -2.699139702,      -10.21093784
          0,           0,         520,      -4.739465005,      -3.828939549,      -3.860026769,      -2.693151866,      -10.21107593
          0,           0,         521,      -4.733786657,      -3.835129259,      -3.872292667,      -2.687351411,      -10.21117578
          0,           0,         522,      -4.728392744,      -3.841307217,      -3.884539901,      -2.681853797,      -10.21120741
          0,           0,         523,      -4.723385045,      -3.847410377,      -3.896582493,      -2.676759689,      -10.21118575
          0,           0,         524,      -4.718851392,      -3.853372354,      -3.908212212,       -2.67215589,      -10.21120034
          0,           0,         525,      -4.714866846,      -3.859124816,      -3.919202971,      -2.668116554,      -10.21122015
          0,           0,         526,      -4.711495002,      -3.864599193,      -3.929318401,      -2.664704525,      -10.21124659
          0,           0,         527,      -4.708789323,      -3.869728677,      -3.938322827,      -2.661972678,      -10.21124073
          0,           0,         528,      -4.706794392,      -3.874450445,      -3.945995287,      -2.659965181,      -10.21120848
          0,           0,         529,      -4.705547047,      -3.878707989,      -3.952145446,      -2.658718622,       -10.2111801
          0,           0,         530,      -4.705077351,      -3.882453425,       -3.95662942,      -2.658262975,       -10.2111693
          0,           0,         531,      -4.705409397,      -3.885649614,      -3.959363065,      -2.658622402,      -10.21115952
          0,           0,         532,      -4.706561925,      -3.888271914,      -3.960330298,      -2.659815853,      -10.21116627
          0,           0,         533,      -4.708548754,      -3.890309441,      -3.959584812,      -2.661857495,      -10.21116061
          0,           0,         534,      -4.711379016,      -3.891765691,      -3.957244831,      -2.664756936,       -10.2111474
          0,           0,         535,      -4.715057206,      -3.892658496,      -3.953481978,      -2.668519257,       -10.2111514
          0,           0,         536,      -4.719583013,      -3.893019301,      -3.948506375,      -2.673144836,      -10.21116887
          0,           0,         537,      -4.724950941,      -3.892891841,      -3.942550511,      -2.678628943,      -10.21117379
          0,           0,         538,      -4.731149693,      -3.892330331,      -3.935854154,      -2.684961101,      -10.21116876
          0,           0,         539,      -4.738161299,      -3.891397348,      -3.928651842,      -2.692124175,      -10.21115392
          0,           0,         540,      -4.745959963,      -3.890161546,      -3.921163701,      -2.700093169,      -10.21113116
          0,           0,         541,      -4.754510619,      -3.888695382,      -3.913589615,      -2.708833711,      -10.21111084
          0,           0,         542,      -4.763767168,      -3.887072977,      -3.906106284,      -2.718300188,      -10.21109198
          0,           0,         543,      -4.773670403,      -3.885368213,      -3.898866545,      -2.728433548,      -10.21108725
          0,           0,         544,      -4.784145663,      -3.883653126,      -3.892000244,      -2.739158785,      -10.21111312
          0,           0,         545,      -4.795100285,      -3.881996618,      -3.885616078,      -2.750382175,      -10.21109308
          0,           0,         546,      -4.806421012,      -3.880463485,      -3.879803927,      -2.761988429,      -10.21106734
          0,           0,         547,      -4.817971615,      -3.879113736,      -3.874637339,      -2.773838032,      -10.21105842
          0,           0,         548,      -4.829591128,      -3.878002166,      -3.870175963,      -2.785765163,      -10.21101945
          0,           0,         549,      -4.841093209,       -3.87717813,      -3.866467782,      -2.797576794,      -10.21094736
          0,           0,         550,      -4.852267343,      -3.876685479,      -3.863551097,      -2.809053706,        -10.210857
          0,           0,         551,      -4.862882599,      -3.876562612,      -3.861456212,       -2.81995428,      -10.21080216
          0,           0,         552,      -4.872694662,      -3.876842601,      -3.860206854,      -2.830021827,      -10.21073237
          0,           0,         553,      -4.881456494,      -3.877553356,      -3.859821311,      -2.838995964,      -10.21066061
          0,           0,         554,      -4.888932472,      -3.878717806,      -3.860313327,      -2.846627851,      -10.21059783
          0,           0,         555,      -4.894914948,       -3.88035407,      -3.861692756,      -2.852698202,      -10.21051787
          0,           0,         556,      -4.899241322,      -3.882475597,      -3.863966014,      -2.857035905,      -10.21041029
          0,           0,         557,      -4.901809009,      -3.885091268,      -3.867136318,      -2.859534337,      -10.21026603
          0,           0,         558,      -4.902585604,      -3.888205449,      -3.871203726,      -2.860162302,      -10.21012454
          0,           0,         559,      -4.901612195,      -3.891817982,      -3.876164989,      -2.858967343,      -10.21003141
          0,           0,         560,      -4.898999153,      -3.895924122,      -3.882013176,      -2.856070713,      -10.20995353
          0,           0,         561,       -4.89491526,      -3.900514404,      -3.888737098,      -2.851655069,      -10.20988651
          0,           0,         562,      -4.889572343,      -3.905574451,      -3.896320468,      -2.845947428,      -10.20980001
          0,           0,         563,      -4.883208148,      -3.911084728,       -3.90474081,      -2.839200462,      -10.20969129
          0,           0,         564,      -4.876069999,      -3.917020242,      -3.913968045,      -2.831674946,      -10.20957929
          0,           0,         565,      -4.868401077,      -3.923350212,      -3.923962763,      -2.823625299,      -10.20947019
          0,           0,         566,      -4.860430208,      -3.930037728,      -3.934674125,      -2.815289099,      -10.20938416
          0,           0,         567,      -4.852365288,      -3.937039413,      -3.946037404,      -2.806880572,      -10.20936645
          0,           0,         568,      -4.844389895,      -3.944305145,        -3.9579712,      -2.798587483,      -10.20934657
          0,           0,         569,      -4.836662369,      -3.951777872,      -3.970374395,      -2.790570619,      -10.20934222
          0,           0,         570,      -4.829316638,      -3.959393574,      -3.983123045,      -2.782965012,      -10.20932489
          0,           0,         571,      -4.822464111,       -3.96708145,        -3.9960675,      -2.775882214,      -10.20930847
          0,           0,         572,      -4.816196119,      -3.974764391,      -4.009030237,      -2.769413051,      -10.20929468
          0,           0,         573,      -4.810586533,       -3.98235981,      -4.021805052,      -2.763630498,      -10.20928522
          0,           0,         574,      -4.805694321,      -3.989780903,      -4.034158482,      -2.758592427,      -10.20931645
          0,           0,         575,      -4.801565892,       -3.99693838,       -4.04583437,      -2.754344092,      -10.20941077
          0,           0,         576,       -4.79823716,       -4.00374267,      -4.056562435,      -2.750920295,       -10.2094968
          0,           0,         577,      -4.795735296,      -4.010106582,      -4.066071278,      -2.748347205,      -10.20959504
          0,           0,         578,       -4.79408017,      -4.015948304,      -4.074105467,      -2.746643849,      -10.20969678
          0,           0,         579,      -4.793285505,        -4.0211946,      -4.080445269,       -2.74582329,      -10.20982194
          0,           0,         580,       -4.79335974,       -4.02578397,      -4.084926416,      -2.745893513,      -10.20996686
          0,           0,         581,      -4.794306658,      -4.029669528,      -4.087456551,      -2.746858058,      -10.21013398
          0,           0,         582,      -4.796125763,      -4.032821337,      -4.088025105,      -2.748716403,       -10.2103244
          0,           0,         583,      -4.798812448,      -4.035227948,      -4.086704436,      -2.751464129,       -10.2105672
          0,           0,         584,       -4.80235794,      -4.036897012,      -4.083642018,      -2.755092862,      -10.21082307
          0,           0,         585,      -4.806749043,      -4.037854861,      -4.079045353,          -2.75959,      -10.21110278
          0,           0,         586,       -4.81196766,      -4.038145138,      -4.073162717,      -2.764938225,      -10.21138367
          0,           0,         587,      -4.817990109,      -4.037826611,      -4.066263134,      -2.771114786,      -10.21166628
          0,           0,         588,      -4.824786204,      -4.036970382,      -4.058618451,      -2.778090544,      -10.21196863
          0,           0,         589,       -4.83231811,       -4.03565678,      -4.050489236,      -2.785828768,      -10.21228211
          0,           0,         590,      -4.840538965,      -4.033972175,      -4.042115119,      -2.794283678,      -10.21260373
          0,           0,         591,      -4.849391287,      -4.032005945,      -4.033709293,      -2.803398736,      -10.21294611
          0,           0,         592,      -4.858805185,      -4.029847781,      -4.025456399,      -2.813104712,       -10.2132871
          0,           0,         593,      -4.868696463,      -4.027585408,       -4.01751286,      -2.823317583,      -10.21364541
          0,           0,         594,      -4.878964715,      -4.025302803,       -4.01000878,      -2.833936384,      -10.21398452
          0,           0,         595,      -4.889491606,      -4.023078875,      -4.003050698,      -2.844841184,      -10.21432627
          0,           0,         596,      -4.900139611,      -4.020986587,      -3.996724678,      -2.855891472,       -10.2146421
          0,           0,         597,      -4.910751552,      -4.019092452,      -3.991099387,      -2.866925343,      -10.21494454
          0,           0,         598,      -4.921151406,      -4.017456329,      -3.986228967,      -2.877759959,      -10.21524601
          0,           0,         599,      -4.931146858,      -4.016131452,      -3.982155575,      -2.888193866,      -10.21555669
          0,           0,         600,       -4.94053406,      -4.015164612,      -3.978911575,      -2.898011715,      -10.21586363
          0,           0,         601,      -4.949104901,      -4.014596457,      -3.976521363,      -2.906991788,      -10.21619683
          0,           0,         602,      -4.956656768,      -4.014461837,      -3.975002856,      -2.914916397,      -10.21653694
          0,           0,         603,      -4.963004284,       -4.01479016,      -3.974368668,      -2.921584671,      -10.21684588
          0,           0,         604,      -4.967991961,      -4.015605749,      -3.974627011,      -2.926826608,      -10.21713206
          0,           0,         605,      -4.971506198,      -4.016928148,      -3.975782342,      -2.930516607,       -10.2174091
          0,           0,         606,      -4.973484817,      -4.018772374,      -3.977835785,      -2.932584424,      -10.21767416
          0,           0,         607,      -4.973922506,      -4.021149114,       -3.98078534,      -2.933021595,      -10.21792827
          0,           0,         608,       -4.97287118,      -4.024064835,      -3.984625897,       -2.93188212,      -10.21821268
          0,           0,         609,      -4.970435184,      -4.027521817,      -3.989349044,      -2.929277267,       -10.2185332
          0,           0,         610,       -4.96676222,        -4.0315181,      -3.994942674,      -2.925365498,      -10.21884722
          0,           0,         611,      -4.962031575,      -4.036047342,      -4.001390383,       -2.92033932,      -10.21915712
          0,           0,         612,      -4.956441444,      -4.041098578,       -4.00867063,      -2.914411177,      -10.21946902
          0,           0,         613,      -4.950196973,      -4.046655896,      -4.016755651,      -2.907800236,      -10.21978854
          0,           0,         614,      -4.943500181,       -4.05269802,      -4.025610098,      -2.900721366,      -10.22009746
          0,           0,         615,       -4.93654232,      -4.059197811,      -4.035189388,      -2.893376931,      -10.22038892
          0,           0,         616,      -4.929498771,      -4.066121705,      -4.045437754,      -2.885951444,       -10.2206507
          0,           0,         617,      -4.922526197,      -4.073429098,      -4.056286001,      -2.878608736,      -10.22093144
          0,           0,         618,      -4.915761516,      -4.081071722,      -4.067649034,      -2.871491101,      -10.22121054
          0,           0,         619,      -4.909322196,      -4.088993041,      -4.079423249,      -2.864719858,      -10.22146754
          0,           0,         620,      -4.903307414,      -4.097127753,      -4.091483986,      -2.858396799,      -10.22170504
          0,           0,         621,      -4.897799718,      -4.105401455,      -4.103683349,      -2.852606132,      -10.22192701
          0,           0,         622,      -4.892866892,      -4.113730585,      -4.115848839,      -2.847416602,      -10.22213149
          0,           0,         623,      -4.888563855,      -4.122022756,      -4.127783387,        -2.8428836,      -10.22232362
          0,           0,         624,       -4.88493444,      -4.130177606,      -4.139267499,      -2.839051119,      -10.22248931
          0,           0,         625,       -4.88201301,      -4.138088284,       -4.15006424,      -2.835953503,      -10.22266625
          0,           0,         626,      -4.879825849,      -4.145643689,      -4.159927648,      -2.833616947,      -10.22283502
          0,           0,         627,      -4.878392328,      -4.152731475,      -4.168614738,      -2.832060741,      -10.22297943
          0,           0,         628,      -4.877725849,      -4.159241831,      -4.175900605,      -2.831298274,      -10.22311419
          0,           0,         629,       -4.87783457,      -4.165071866,      -4.181595245,      -2.831337801,      -10.22323306
          0,           0,         630,      -4.878721925,      -4.170130349,      -4.185559869,       -2.83218299,       -10.2233414
          0,           0,         631,      -4.880386946,      -4.174342437,      -4.187720027,      -2.833833266,      -10.22345097
          0,           0,         632,      -4.882824406,      -4.177653932,      -4.188073063,      -2.836283966,      -10.22355574
          0,           0,         633,      -4.886024783,      -4.180034616,      -4.186688379,      -2.839526296,      -10.22366669
          0,           0,         634,      -4.889974048,      -4.181480254,      -4.183700451,      -2.843547116,      -10.22377883
          0,           0,         635,      -4.894653283,       -4.18201303,      -4.179296035,      -2.848328537,      -10.22387109
          0,           0,         636,      -4.900038131,      -4.181680343,      -4.173697985,      -2.853847343,      -10.22394481
          0,           0,         637,      -4.906098074,      -4.180552135,      -4.167148392,      -2.860074213,      -10.22401289
          0,           0,         638,      -4.912795552,      -4.178717058,      -4.159893309,      -2.866972778,       -10.2240718
          0,           0,         639,      -4.920084931,      -4.176277945,      -4.152170499,      -2.874498486,      -10.22412227
          0,           0,         640,      -4.927911337,      -4.173347028,      -4.144200777,      -2.882597312,      -10.22416602
          0,           0,         641,      -4.936209417,      -4.170041327,      -4.136182799,      -2.891204352,      -10.22420849
          0,           0,         642,      -4.944902073,      -4.166478543,      -4.128290748,      -2.900242348,      -10.22426792
          0,           0,         643,        -4.9538993,       -4.16277364,      -4.120674174,      -2.909620266,      -10.22432341
          0,           0,         644,      -4.963097246,       -4.15903621,      -4.113459285,      -2.919232069,      -10.22436121
          0,           0,         645,      -4.972377715,      -4.155368611,      -4.106751095,      -2.928955894,      -10.22439411
          0,           0,         646,      -4.981608349,      -4.151864794,      -4.100635948,      -2.938653914,      -10.22442308
          0,           0,         647,      -4.990643765,      -4.148609718,      -4.095184139,      -2.948173199,       -10.2244448
          0,           0,         648,      -4.999327941,      -4.145679215,      -4.090452397,      -2.957347938,      -10.22445569
          0,           0,         649,      -5.007498085,      -4.143140181,      -4.086486148,      -2.966003323,      -10.22447692
          0,           0,         650,      -5.014990104,      -4.141050988,      -4.083321487,      -2.973961297,      -10.22449983
          0,           0,         651,      -5.021645584,       -4.13946202,      -4.080986853,      -2.981048139,      -10.22451681
          0,           0,         652,      -5.027319915,      -4.138416259,      -4.079504404,       -2.98710353,      -10.22453348
          0,           0,         653,      -5.031890899,      -4.137949866,      -4.078891125,      -2.991990371,      -10.22454233
          0,           0,         654,      -5.035266885,      -4.138092713,      -4.079159679,      -2.995604272,      -10.22454748
          0,           0,         655,       -5.03739339,       -4.13886884,      -4.080319024,      -2.997881451,      -10.22454722
          0,           0,         656,      -5.038257237,      -4.140296817,      -4.082374815,      -2.998803835,      -10.22455819
          0,           0,         657,      -5.037887556,      -4.142389979,      -4.085329601,      -2.998400542,      -10.22459697
          0,           0,         658,      -5.036353492,      -4.145156553,      -4.089182821,      -2.996745469,      -10.22463737
          0,           0,         659,      -5.033758975,       -4.14859963,      -4.093930595,      -2.993951409,      -10.22467993
          0,           0,         660,      -5.030235365,      -4.152717014,        -4.0995653,      -2.990161643,      -10.22472327
          0,           0,         661,      -5.025932991,      -4.157500902,      -4.106074925,      -2.985540237,      -10.22477423
          0,           0,         662,      -5.021012618,      -4.162937418,      -4.113442158,       -2.98026231,      -10.22482643
          0,           0,         663,      -5.015637688,       -4.16900598,      -4.121643198,      -2.974505246,      -10.22488646
          0,           0,         664,      -5.009967886,      -4.175678516,      -4.130646251,      -2.968441515,      -10.22497576
          0,           0,         665,      -5.004154281,      -4.182918515,       -4.14040967,      -2.962233359,      -10.22507407
          0,           0,         666,      -4.998336043,      -4.190679952,      -4.150879735,       -2.95602931,      -10.22518284
          0,           0,         667,      -4.992638557,      -4.198906114,      -4.161988057,      -2.949962305,      -10.22530348
          0,           0,         668,      -4.987172671,       -4.20752839,      -4.173648649,      -2.944149074,      -10.22542677
          0,           0,         669,      -4.982034789,      -4.216465117,      -4.185754777,      -2.938690444,      -10.22555514
          0,           0,         670,      -4.977307545,      -4.225620624,      -4.198175784,      -2.933672254,       -10.2257137
          0,           0,         671,      -4.973060823,      -4.234884651,       -4.21075425,       -2.92916662,      -10.22588073
          0,           0,         672,      -4.969352945,      -4.244132378,      -4.223304017,      -2.925233354,      -10.22605999
          0,           0,         673,      -4.966231912,      -4.253225334,      -4.235609804,      -2.921921391,      -10.22624978
          0,           0,         674,      -4.963736591,      -4.262013474,       -4.24742934,      -2.919270143,      -10.22645529
          0,           0,         675,      -4.961897795,      -4.270338678,      -4.258498965,      -2.917310716,      -10.22668694
          0,           0,         676,      -4.960739235,      -4.278039819,      -4.268543522,       -2.91606696,       -10.2269383
          0,           0,         677,      -4.960278306,      -4.284959383,      -4.277290823,      -2.915556341,      -10.22719436
          0,           0,         678,      -4.960526723,      -4.290951339,       -4.28449006,      -2.915790621,      -10.22746165
          0,           0,         679,       -4.96149098,      -4.295889664,      -4.289932349,      -2.916776371,      -10.22774407
          0,           0,         680,      -4.963172658,      -4.299676673,      -4.293470457,      -2.918515287,      -10.22803938
          0,           0,         681,      -4.965568568,      -4.302250085,      -4.295034137,      -2.921004348,      -10.22834905
          0,           0,         682,       -4.96867075,      -4.303587853,      -4.294637937,        -2.9242358,      -10.22867458
          0,           0,         683,      -4.972466305,      -4.303709996,      -4.292379735,       -2.92819697,      -10.22901076
          0,           0,         684,      -4.976937096,      -4.302677143,      -4.288430332,      -2.932869923,      -10.22935887
          0,           0,         685,      -4.982059293,      -4.300586035,      -4.283016376,      -2.938230947,      -10.22971234
          0,           0,         686,      -4.987802785,      -4.297562665,       -4.27640003,      -2.944249893,      -10.23007813
          0,           0,         687,      -4.994130467,      -4.293754057,      -4.268858829,      -2.950889352,      -10.23045738
          0,           0,         688,      -5.000997413,      -4.289319714,      -4.260668366,      -2.958103702,      -10.23084629
          0,           0,         689,      -5.008349981,      -4.284423648,      -4.252089238,      -2.965838049,      -10.23124462
          0,           0,         690,      -5.016124877,      -4.279227602,      -4.243358561,      -2.974027107,      -10.23165246
          0,           0,         691,      -5.024248264,      -4.273885804,      -4.234685552,      -2.982594092,      -10.23206535
          0,           0,         692,      -5.032635006,      -4.268541297,      -4.226250296,      -2.991449726,      -10.23248796
          0,           0,         693,      -5.041188179,      -4.263323718,      -4.218204727,      -3.000491514,      -10.23291375
          0,           0,         694,      -5.049799002,      -4.258348263,      -4.210674948,      -3.009603467,      -10.23333332
          0,           0,         695,      -5.058347395,      -4.253715578,      -4.203764243,        -3.0186565,      -10.23375747
          0,           0,         696,      -5.066703352,      -4.249512273,       -4.19755628,      -3.027509767,      -10.23418707
          0,           0,         697,      -5.074729329,      -4.245811838,      -4.192118225,      -3.036013173,      -10.23461449
          0,           0,         698,      -5.082283777,      -4.242675767,      -4.187503587,      -3.044011251,      -10.23504654
          0,           0,         699,      -5.089225858,      -4.240154739,      -4.183754712,      -3.051348482,       -10.2354792
          0,           0,         700,      -5.095421207,      -4.238289769,      -4.180904901,      -3.057875926,      -10.23591023
          0,           0,         701,      -5.100748433,      -4.237113253,      -4.178980158,      -3.063458796,      -10.23633967
          0,           0,         702,      -5.105105804,      -4.236649871,      -4.178000603,      -3.067984327,      -10.23677051
          0,           0,         703,      -5.108417448,      -4.236917318,      -4.177981564,      -3.071369095,      -10.23719719
          0,           0,         704,       -5.11063832,      -4.237926861,      -4.178934388,      -3.073564844,      -10.23760887
          0,           0,         705,      -5.111757266,      -4.239683704,      -4.180867001,      -3.074562001,      -10.23801191
          0,           0,         706,      -5.111797745,      -4.242187172,       -4.18378421,      -3.074390336,      -10.23841571
